Count,Response,Duration,Mem,Cpu
0,200,20,728416256,51
1,200,1200,729440256,3
2,200,70,729440256,3
3,200,500,729440256,5
4,200,38,729440256,6
5,200,98,729440256,4
6,200,195,729440256,1
7,200,25,729313280,4
8,200,32,729186304,6
9,200,53,729186304,2
10,200,73,729186304,2
11,200,42,729186304,2
12,200,19,729186304,2
13,200,67,728932352,4
14,200,52,729186304,2
15,200,99,729186304,3
16,200,20,729186304,7
17,200,48,729186304,4
18,200,59,729186304,3
19,200,78,729186304,5
20,200,32,729313280,3
21,200,48,729305088,2
22,200,89,729313280,3
23,200,66,729313280,3
24,200,63,729567232,7
25,200,30,729567232,2
26,200,36,729440256,2
27,200,89,729440256,6
28,200,28,729440256,1
29,200,96,729440256,6
30,200,19,729440256,1
31,200,26,729432064,3
32,200,66,729440256,1
33,200,61,729440256,6
34,200,25,729440256,8
35,200,69,729313280,7
36,200,100,729313280,3
37,200,21,729313280,3
38,200,55,729313280,5
39,200,87,729313280,4
40,200,51,729186304,5
41,200,36,729313280,5
42,200,35,729313280,1
43,200,100,729313280,2
44,200,66,729313280,3
45,200,18,729313280,3
46,200,125,729440256,3
47,200,19,729440256,3
48,200,36,729440256,3
49,200,21,729440256,3
50,200,132,729440256,2
51,200,92,729440256,12
52,200,31,729313280,10
53,200,201,729313280,6
54,200,232,729313280,1
55,200,91,729313280,7
56,200,94,729178112,8
57,200,53,728535040,33
58,200,82,728555520,31
59,200,41,728555520,2
60,200,28,728559616,3
61,200,64,728559616,4
62,200,64,728559616,4
63,200,25,728559616,5
64,200,48,728559616,5
65,200,36,728559616,4
66,200,16,728559616,5
67,200,27,728559616,3
68,200,70,728551424,15
69,200,27,728940544,4
70,200,481,728813568,5
71,200,57,728813568,5
72,200,38,728686592,9
73,200,40,728559616,9
74,200,20,728559616,2
75,200,33,728686592,9
76,200,67,728559616,3
77,200,176,728555520,5
78,200,50,728555520,4
79,200,26,728432640,3
80,200,65,728432640,5
81,200,75,728686592,3
82,200,38,728559616,6
83,200,46,728432640,29
84,200,32,728408064,2
85,200,103,728408064,6
86,200,35,728408064,7
87,200,113,728018944,27
88,200,133,727638016,25
89,200,63,727511040,9
90,200,41,724463616,28
91,200,52,727089152,61
92,200,62,726200320,34
93,200,60,726073344,6
94,200,30,725716992,18
95,200,54,725716992,8
96,200,31,725450752,9
97,200,45,725450752,5
98,200,22,725716992,3
99,200,43,725716992,5
100,200,184,725590016,1
101,200,77,725590016,12
102,200,44,725716992,8
103,200,37,725716992,7
104,200,37,725590016,6
105,200,40,725590016,4
106,200,45,725581824,9
107,200,89,725590016,13
108,200,25,725590016,3
109,200,58,725463040,4
110,200,32,725463040,2
111,200,153,725463040,4
112,200,31,725590016,9
113,200,22,725590016,6
114,200,66,725463040,6
115,200,31,725463040,4
116,200,101,725458944,9
117,200,54,725590016,8
118,200,30,725590016,8
119,200,18,725590016,8
120,200,28,725590016,7
121,200,38,725590016,6
122,200,28,725716992,8
123,200,189,725716992,3
124,200,30,725716992,3
125,200,144,725716992,5
126,200,30,725716992,8
127,200,53,725716992,6
128,200,67,725716992,2
129,200,152,725716992,2
130,200,28,725716992,10
131,200,29,725716992,4
132,200,37,725716992,6
133,200,32,725716992,5
134,200,37,725590016,2
135,200,51,725590016,3
136,200,30,725581824,3
137,200,60,725463040,10
138,200,43,725463040,9
139,200,28,725463040,3
140,200,73,725463040,3
141,200,162,725463040,4
142,200,65,725463040,8
143,200,189,725463040,2
144,200,59,725463040,3
145,200,72,725454848,4
146,200,60,725454848,4
147,200,102,725336064,6
148,200,285,725336064,3
149,200,26,725336064,5
150,200,34,725336064,5
151,200,57,725336064,4
152,200,229,725336064,4
153,200,25,725336064,3
154,200,69,725336064,3
155,200,29,725336064,6
156,200,27,725336064,5
157,200,82,725463040,13
158,200,28,725463040,4
159,200,27,725463040,6
160,200,35,725336064,6
161,200,155,725336064,3
162,200,104,725463040,5
163,200,42,725463040,5
164,200,21,725463040,4
165,200,74,725327872,4
166,200,42,725336064,6
167,200,39,725463040,4
168,200,34,725463040,5
169,200,82,725336064,3
170,200,62,725209088,6
171,200,101,725336064,5
172,200,28,725336064,10
173,200,29,725336064,6
174,200,22,725336064,6
175,200,142,725336064,8
176,200,109,725213184,4
177,200,141,725340160,6
178,200,35,725340160,2
179,200,103,725340160,3
180,200,74,725340160,5
181,200,35,725213184,3
182,200,37,725340160,5
183,200,95,725340160,2
184,200,85,725331968,8
185,200,25,725213184,3
186,200,43,725213184,4
187,200,49,725213184,52
188,200,46,725204992,4
189,200,219,725188608,2
190,200,33,725188608,7
191,200,55,725061632,6
192,200,272,725262336,19
193,200,83,725278720,4
194,200,37,725278720,5
195,200,56,725278720,6
196,200,35,725278720,4
197,200,44,725278720,5
198,200,149,725303296,11
199,200,29,725557248,15
200,200,41,725557248,5
201,200,86,725557248,2
202,200,20,725557248,7
203,200,25,725676032,7
204,200,65,725549056,1
205,200,37,725557248,4
206,200,26,725557248,7
207,200,100,725557248,7
208,200,26,725557248,5
209,200,40,725557248,4
210,200,29,725557248,2
211,200,51,725557248,2
212,200,33,725557248,6
213,200,83,725549056,6
214,200,97,725557248,4
215,200,70,725557248,4
216,200,81,725557248,3
217,200,52,725557248,4
218,200,22,725430272,5
219,200,25,725557248,7
220,200,31,725557248,4
221,200,70,725557248,3
222,200,43,725557248,7
223,200,22,725430272,4
224,200,62,725557248,11
225,200,82,725557248,3
226,200,25,725557248,4
227,200,24,725430272,7
228,200,17,725430272,3
229,200,26,725430272,4
230,200,21,725557248,5
231,200,160,725557248,2
232,200,72,725430272,3
233,200,50,725422080,8
234,200,18,725430272,6
235,200,60,725430272,8
236,200,37,725430272,6
237,200,26,725430272,6
238,200,223,725430272,3
239,200,265,725430272,3
240,200,92,725430272,2
241,200,20,725430272,6
242,200,73,725422080,3
243,200,28,725422080,2
244,200,54,725430272,10
245,200,67,725430272,2
246,200,57,725430272,4
247,200,25,725430272,3
248,200,61,725430272,4
249,200,32,725430272,4
250,200,35,725430272,6
251,200,46,725430272,2
252,200,104,725430272,5
253,200,65,725430272,4
254,200,22,725430272,4
255,200,53,725303296,3
256,200,109,725303296,3
257,200,135,725430272,8
258,200,53,725430272,9
259,200,36,725303296,6
260,200,84,725303296,3
261,200,24,725303296,4
262,200,39,725176320,8
263,200,43,725176320,6
264,200,45,725176320,3
265,200,144,725176320,3
266,200,20,725176320,2
267,200,63,725176320,6
268,200,56,725176320,6
269,200,18,725176320,2
270,200,58,725176320,5
271,200,55,725176320,4
272,200,55,725176320,4
273,200,42,725168128,2
274,200,25,725176320,8
275,200,32,725176320,4
276,200,21,725176320,2
277,200,41,725176320,6
278,200,35,725176320,6
279,200,45,725176320,9
280,200,26,725176320,4
281,200,36,725176320,1
282,200,62,725176320,4
283,200,23,725176320,6
284,200,44,725176320,9
285,200,54,725176320,6
286,200,36,725176320,4
287,200,56,725176320,2
288,200,21,725176320,3
289,200,31,725176320,6
290,200,41,725176320,5
291,200,31,725176320,10
292,200,44,725176320,2
293,200,60,725024768,27
294,200,74,725024768,3
295,200,48,725024768,5
296,200,55,725024768,9
297,200,24,725024768,6
298,200,34,725024768,6
299,200,57,725024768,22
300,200,59,725024768,4
301,200,228,725024768,6
302,200,245,725024768,3
303,200,123,724897792,8
304,200,25,724795392,12
305,200,68,725049344,6
306,200,54,725049344,4
307,200,65,724922368,1
308,200,35,724922368,5
309,200,174,724922368,1
310,200,47,725049344,7
311,200,26,725049344,6
312,200,30,725049344,6
313,200,75,724922368,4
314,200,50,724922368,4
315,200,39,724795392,5
316,200,79,724795392,3
317,200,45,724795392,5
318,200,71,724795392,3
319,200,40,724795392,3
320,200,62,724795392,6
321,200,35,724795392,5
322,200,108,724795392,2
323,200,25,724795392,4
324,200,51,724787200,3
325,200,37,724795392,5
326,200,73,724795392,3
327,200,36,724795392,3
328,200,43,724795392,2
329,200,34,724795392,7
330,200,33,724795392,3
331,200,34,724795392,5
332,200,23,724795392,7
333,200,172,724795392,3
334,200,127,724795392,3
335,200,33,724795392,8
336,200,154,724795392,4
337,200,39,724795392,8
338,200,38,724922368,6
339,200,21,724922368,4
340,200,55,724922368,5
341,200,81,724922368,3
342,200,102,724795392,3
343,200,58,724922368,4
344,200,121,724799488,6
345,200,34,724799488,4
346,200,30,724672512,1
347,200,32,724672512,5
348,200,56,724672512,9
349,200,47,724672512,2
350,200,93,724672512,3
351,200,34,724672512,7
352,200,25,724545536,4
353,200,19,724545536,1
354,200,50,724418560,7
355,200,49,724418560,5
356,200,192,724418560,2
357,200,31,724418560,4
358,200,19,724418560,5
359,200,72,724418560,6
360,200,28,724418560,6
361,200,43,724418560,2
362,200,44,724418560,4
363,200,25,724418560,3
364,200,45,724418560,2
365,200,24,724664320,11
366,200,45,727846912,8
367,200,24,727846912,3
368,200,28,727719936,10
369,200,48,727719936,5
370,200,54,727592960,9
371,200,33,727592960,5
372,200,49,727592960,6
373,200,45,727592960,6
374,200,65,727592960,4
375,200,35,727584768,5
376,200,80,727592960,7
377,200,47,727592960,5
378,200,28,727592960,2
379,200,25,727592960,5
380,200,24,727592960,3
381,200,48,727719936,9
382,200,39,727719936,2
383,200,29,727719936,5
384,200,24,727719936,4
385,200,24,727711744,4
386,200,46,727719936,6
387,200,30,727846912,5
388,200,25,727846912,2
389,200,48,727846912,1
390,200,56,727846912,4
391,200,46,727846912,3
392,200,41,727846912,4
393,200,26,727846912,12
394,200,33,727846912,6
395,200,44,727838720,4
396,200,24,727838720,6
397,200,34,727846912,9
398,200,21,727719936,2
399,200,138,727719936,27
400,200,22,727695360,4
401,200,48,727695360,5
402,200,23,727695360,5
403,200,41,727695360,5
404,200,27,727695360,10
405,200,59,727662592,26
406,200,57,727695360,4
407,200,34,727695360,2
408,200,67,727695360,3
409,200,56,727695360,9
410,200,55,727695360,6
411,200,27,727711744,10
412,200,37,727719936,3
413,200,53,727846912,7
414,200,53,727846912,1
415,200,27,727846912,3
416,200,26,727711744,6
417,200,95,727584768,3
418,200,49,727719936,6
419,200,32,727719936,6
420,200,41,727719936,7
421,200,30,727568384,9
422,200,21,727592960,5
423,200,43,727592960,7
424,200,60,727592960,4
425,200,86,727592960,3
426,200,32,727465984,4
427,200,39,727465984,6
428,200,52,727465984,5
429,200,73,727465984,9
430,200,160,727457792,5
431,200,58,727457792,7
432,200,39,727457792,2
433,200,41,727465984,5
434,200,63,727465984,4
435,200,69,727465984,4
436,200,56,727592960,7
437,200,18,727592960,9
438,200,24,727592960,6
439,200,26,727465984,2
440,200,33,727457792,8
441,200,21,727465984,2
442,200,66,727465984,3
443,200,21,727465984,6
444,200,99,727465984,3
445,200,257,727465984,7
446,200,123,727465984,2
447,200,20,727465984,5
448,200,45,727465984,5
449,200,66,727465984,4
450,200,60,727465984,4
451,200,25,727465984,6
452,200,79,727465984,7
453,200,51,727465984,3
454,200,32,727465984,3
455,200,48,727474176,5
456,200,75,727474176,7
457,200,27,727465984,5
458,200,63,727465984,4
459,200,55,727465984,3
460,200,62,727457792,4
461,200,34,727465984,5
462,200,49,727465984,5
463,200,50,727465984,8
464,200,44,727465984,5
465,200,35,727465984,3
466,200,42,727465984,3
467,200,42,727465984,4
468,200,37,727465984,6
469,200,38,727465984,3
470,200,24,727465984,2
471,200,46,727465984,4
472,200,172,727465984,6
473,200,83,727465984,2
474,200,33,727465984,7
475,200,81,727465984,10
476,200,36,727465984,4
477,200,57,727465984,6
478,200,110,727465984,4
479,200,52,727465984,5
480,200,105,727465984,5
481,200,58,727457792,4
482,200,23,727474176,4
483,200,42,727474176,4
484,200,85,727474176,6
485,200,39,727474176,8
486,200,30,727474176,3
487,200,59,727474176,3
488,200,27,727474176,3
489,200,28,727474176,6
490,200,147,727465984,9
491,200,20,727474176,4
492,200,25,727482368,5
493,200,78,727482368,3
494,200,104,727482368,5
495,200,73,727355392,3
496,200,104,727228416,3
497,200,26,727228416,4
498,200,81,727228416,3
499,200,30,727228416,2
500,200,40,727228416,3
501,200,52,727224320,5
502,200,29,727224320,6
503,200,38,727228416,2
504,200,115,727228416,8
505,200,207,727498752,22
506,200,23,727465984,2
507,200,154,727212032,6
508,200,87,727212032,3
509,200,447,727212032,2
510,200,29,727076864,28
511,200,436,727085056,3
512,200,121,727085056,7
513,200,59,727089152,4
514,200,66,727089152,4
515,200,318,727105536,11
516,200,366,727232512,5
517,200,268,727232512,3
518,200,41,727232512,5
519,200,22,727232512,5
520,200,204,727232512,2
521,200,93,727359488,7
522,200,71,727486464,8
523,200,92,727486464,3
524,200,136,727486464,8
525,200,343,727486464,1
526,200,343,727486464,5
527,200,98,727486464,11
528,200,89,727486464,3
529,200,167,727359488,4
530,200,1053,727359488,2
531,200,56,727359488,3
532,200,131,727486464,7
533,200,23,727486464,1
534,200,140,727478272,5
535,200,295,727486464,3
536,200,1566,727232512,2
537,200,394,727232512,2
538,200,61,727232512,7
539,200,160,727232512,7
540,200,799,727232512,2
541,200,33,727232512,2
542,200,26,727232512,6
543,200,170,727359488,4
544,200,299,727359488,2
545,200,231,727359488,2
546,200,211,727232512,3
547,200,99,727224320,6
548,200,1142,727232512,5
549,200,40,727359488,6
550,200,43,727359488,2
551,200,104,727359488,2
552,200,41,727359488,4
553,200,225,727359488,2
554,200,217,727355392,5
555,200,46,727355392,2
556,200,174,727359488,4
557,200,34,727359488,3
558,200,57,727232512,5
559,200,166,727232512,4
560,200,118,727232512,4
561,200,343,727232512,3
562,200,108,727232512,10
563,200,235,727232512,5
564,200,115,727232512,2
565,200,328,727232512,4
566,200,20,727232512,2
567,200,47,727232512,3
568,200,132,727232512,2
569,200,62,727232512,3
570,200,49,727232512,3
571,200,109,727105536,4
572,200,65,727105536,7
573,200,35,727105536,4
574,200,18,727105536,5
575,200,38,727105536,5
576,200,147,726978560,10
577,200,23,726978560,3
578,200,121,726978560,6
579,200,67,726978560,2
580,200,60,726978560,4
581,200,34,726978560,5
582,200,83,726978560,6
583,200,48,726970368,4
584,200,466,726978560,4
585,200,998,726978560,2
586,200,89,726978560,3
587,200,189,726978560,4
588,200,139,726978560,2
589,200,148,726970368,4
590,200,63,726835200,27
591,200,37,726827008,3
592,200,73,726827008,9
593,200,676,726827008,2
594,200,315,726827008,20
595,200,42,726827008,9
596,200,99,726827008,2
597,200,3107,726851584,4
598,200,184,726851584,5
599,200,31,726851584,6
600,200,50,726851584,5
601,200,363,726851584,1
602,200,135,726851584,10
603,200,75,726851584,2
604,200,35,726851584,5
605,200,406,726978560,3
606,200,213,727105536,3
607,200,155,727105536,2
608,200,356,727105536,4
609,200,75,726978560,3
610,200,90,726978560,5
611,200,39,726978560,6
612,200,70,726978560,3
613,200,79,726978560,3
614,200,163,726978560,3
615,200,50,726978560,3
616,200,355,726978560,6
617,200,1745,726978560,4
618,200,64,726978560,6
619,200,82,726978560,3
620,200,107,726978560,4
621,200,126,726978560,4
622,200,93,726851584,3
623,200,51,726851584,4
624,200,212,726851584,1
625,200,143,726724608,6
626,200,95,726724608,2
627,200,51,726851584,6
628,200,35,726851584,4
629,200,25,726724608,5
630,200,45,726724608,4
631,200,38,726724608,3
632,200,69,726851584,5
633,200,36,726851584,3
634,200,36,726724608,4
635,200,211,726724608,2
636,200,29,726724608,1
637,200,33,726724608,5
638,200,36,726851584,8
639,200,67,726851584,2
640,200,131,726724608,3
641,200,43,726724608,2
642,200,41,726724608,6
643,200,58,726851584,6
644,200,33,726851584,4
645,200,30,726851584,4
646,200,30,726724608,4
647,200,111,726724608,3
648,200,90,726724608,3
649,200,20,726597632,6
650,200,62,726597632,6
651,200,41,726597632,7
652,200,40,726589440,5
653,200,45,726597632,4
654,200,35,726597632,4
655,200,32,726597632,6
656,200,78,726724608,3
657,200,41,726724608,2
658,200,97,726724608,3
659,200,21,726597632,6
660,200,405,726597632,3
661,200,45,726589440,3
662,200,30,726589440,5
663,200,159,726597632,6
664,200,44,726597632,4
665,200,34,726597632,2
666,200,37,726597632,4
667,200,24,726597632,6
668,200,30,726597632,4
669,200,117,726597632,3
670,200,52,726597632,4
671,200,31,726589440,7
672,200,51,726589440,5
673,200,68,726597632,7
674,200,36,726597632,1
675,200,43,726597632,5
676,200,68,726597632,3
677,200,33,726597632,3
678,200,34,726597632,5
679,200,18,726597632,5
680,200,58,726597632,8
681,200,20,726601728,5
682,200,40,726601728,25
683,200,58,726560768,4
684,200,31,726560768,7
685,200,21,726577152,5
686,200,44,726577152,4
687,200,19,726577152,7
688,200,32,726196224,22
689,200,54,726323200,5
690,200,33,726196224,3
691,200,67,726188032,3
692,200,58,726188032,1
693,200,64,726188032,15
694,200,44,726220800,7
695,200,36,726220800,4
696,200,25,726220800,6
697,200,41,726093824,7
698,200,26,726220800,6
699,200,50,726220800,4
700,200,66,726220800,4
701,200,31,726220800,3
702,200,50,726347776,5
703,200,31,726347776,6
704,200,54,726347776,2
705,200,35,726347776,6
706,200,61,726347776,4
707,200,27,726347776,5
708,200,56,726347776,8
709,200,144,726347776,6
710,200,38,726347776,5
711,200,30,726339584,3
712,200,50,726339584,5
713,200,91,726347776,6
714,200,47,726347776,6
715,200,70,726347776,4
716,200,54,726347776,13
717,200,24,726347776,4
718,200,41,726347776,5
719,200,32,726347776,6
720,200,67,726339584,3
721,200,37,726339584,4
722,200,32,726220800,2
723,200,47,726220800,5
724,200,63,726220800,5
725,200,57,726220800,4
726,200,53,726220800,2
727,200,44,726220800,3
728,200,53,726220800,4
729,200,30,726220800,5
730,200,32,726220800,9
731,200,36,726220800,2
732,200,19,726220800,9
733,200,64,726220800,4
734,200,37,726220800,2
735,200,31,726220800,5
736,200,46,726347776,6
737,200,62,726347776,3
738,200,61,726347776,8
739,200,47,726347776,4
740,200,35,726347776,2
741,200,63,726347776,7
742,200,40,726347776,8
743,200,86,726347776,6
744,200,42,726347776,3
745,200,37,726347776,1
746,200,142,726474752,5
747,200,58,726474752,1
748,200,56,726474752,4
749,200,50,726474752,6
750,200,22,726347776,2
751,200,36,726347776,5
752,200,40,726466560,6
753,200,26,726474752,4
754,200,34,726474752,7
755,200,22,726347776,3
756,200,46,726347776,1
757,200,82,726474752,8
758,200,39,726474752,6
759,200,37,726474752,4
760,200,90,726474752,3
761,200,28,726347776,5
762,200,49,726347776,4
763,200,93,726474752,6
764,200,92,726474752,5
765,200,50,726474752,3
766,200,32,726474752,2
767,200,46,726347776,10
768,200,125,726347776,3
769,200,27,726474752,4
770,200,21,726347776,6
771,200,29,726347776,2
772,200,21,726347776,6
773,200,65,726347776,3
774,200,57,726347776,10
775,200,101,726347776,4
776,200,29,726347776,4
777,200,43,726347776,3
778,200,54,726347776,5
779,200,93,726347776,4
780,200,36,726347776,6
781,200,101,726347776,3
782,200,83,726339584,8
783,200,30,726347776,1
784,200,32,726347776,2
785,200,60,726347776,5
786,200,53,726347776,4
787,200,60,726347776,6
788,200,36,726347776,7
789,200,39,726347776,27
790,200,31,726323200,4
791,200,127,726323200,2
792,200,36,726323200,7
793,200,23,726323200,4
794,200,35,726323200,6
795,200,34,726450176,24
796,200,24,726323200,6
797,200,70,726323200,8
798,200,82,726323200,7
799,200,42,726323200,5
800,200,27,726323200,10
801,200,41,726220800,10
802,200,30,726220800,4
803,200,46,726093824,4
804,200,30,726093824,3
805,200,59,726093824,4
806,200,28,726220800,6
807,200,58,726347776,3
808,200,31,726220800,4
809,200,60,726220800,5
810,200,46,726220800,9
811,200,42,726347776,5
812,200,38,726347776,5
813,200,24,726343680,3
814,200,25,726343680,1
815,200,42,726093824,4
816,200,71,726347776,6
817,200,87,726347776,2
818,200,65,726220800,3
819,200,57,726347776,10
820,200,32,726347776,5
821,200,89,726220800,3
822,200,60,726347776,5
823,200,25,726474752,5
824,200,71,726474752,4
825,200,21,726474752,2
826,200,40,726347776,4
827,200,42,726347776,4
828,200,36,726347776,8
829,200,46,726347776,5
830,200,39,726347776,2
831,200,38,726347776,5
832,200,25,726347776,5
833,200,46,726212608,4
834,200,20,726212608,8
835,200,61,726220800,5
836,200,34,726220800,3
837,200,41,726220800,4
838,200,23,726220800,2
839,200,618,726220800,3
840,200,264,726220800,4
841,200,202,726220800,3
842,200,36,726216704,4
843,200,60,726220800,4
844,200,192,726220800,5
845,200,118,726220800,4
846,200,64,726220800,4
847,200,34,726220800,1
848,200,113,726220800,4
849,200,101,726220800,2
850,200,132,726220800,5
851,200,38,726224896,3
852,200,29,726216704,6
853,200,39,726224896,5
854,200,22,726224896,3
855,200,41,726224896,4
856,200,27,726224896,5
857,200,39,726224896,3
858,200,53,726224896,2
859,200,26,726224896,3
860,200,44,726224896,5
861,200,303,726224896,4
862,200,52,726216704,5
863,200,63,726224896,9
864,200,89,726224896,2
865,200,51,726224896,5
866,200,34,726224896,2
867,200,89,726224896,5
868,200,64,726351872,7
869,200,40,726351872,5
870,200,30,726351872,6
871,200,71,726351872,4
872,200,63,726335488,9
873,200,60,726224896,4
874,200,54,726224896,6
875,200,42,726351872,5
876,200,24,726351872,6
877,200,33,726351872,1
878,200,43,726351872,2
879,200,24,726351872,3
880,200,23,726351872,6
881,200,18,726351872,6
882,200,30,726351872,9
883,200,27,726351872,6
884,200,57,726351872,3
885,200,24,726351872,3
886,200,48,726351872,5
887,200,30,726351872,5
888,200,20,726224896,3
889,200,31,726224896,1
890,200,43,726224896,5
891,200,75,726224896,3
892,200,33,726224896,6
893,200,42,726224896,4
894,200,36,726097920,34
895,200,141,726073344,2
896,200,43,726073344,3
897,200,29,726073344,8
898,200,39,726073344,3
899,200,32,726073344,3
900,200,39,725962752,25
901,200,100,725946368,4
902,200,67,726073344,4
903,200,334,726065152,2
904,200,40,726073344,6
905,200,111,725970944,14
906,200,313,726097920,14
907,200,25,725970944,2
908,200,71,725843968,2
909,200,73,726224896,6
910,200,46,726224896,2
911,200,30,726224896,5
912,200,67,726097920,6
913,200,152,726089728,4
914,200,45,726216704,5
915,200,39,726224896,5
916,200,36,726097920,3
917,200,44,726097920,3
918,200,61,726097920,4
919,200,85,726097920,4
920,200,318,725970944,4
921,200,56,725970944,4
922,200,48,725970944,4
923,200,39,725962752,5
924,200,43,725970944,2
925,200,72,725843968,2
926,200,51,725716992,5
927,200,55,725716992,5
928,200,42,725843968,4
929,200,45,725843968,4
930,200,17,725843968,5
931,200,39,725843968,7
932,200,30,725843968,4
933,200,141,725843968,2
934,200,23,725843968,4
935,200,154,725843968,2
936,200,20,725843968,3
937,200,46,725843968,6
938,200,74,725843968,7
939,200,51,725843968,4
940,200,148,725843968,2
941,200,38,725843968,5
942,200,75,725843968,3
943,200,134,725843968,5
944,200,73,725843968,4
945,200,28,725843968,6
946,200,34,725843968,4
947,200,29,725843968,5
948,200,29,725843968,3
949,200,23,725843968,6
950,200,104,725843968,6
951,200,21,725843968,2
952,200,31,725852160,3
953,200,31,725852160,4
954,200,32,725852160,3
955,200,29,725843968,5
956,200,270,725843968,3
957,200,151,725843968,2
958,200,23,725843968,5
959,200,47,725843968,4
960,200,47,725843968,3
961,200,27,725843968,6
962,200,43,725843968,5
963,200,40,725843968,2
964,200,46,725843968,3
965,200,31,725843968,5
966,200,24,725843968,7
967,200,28,725843968,4
968,200,86,725970944,5
969,200,35,725970944,3
970,200,38,725970944,3
971,200,46,725843968,3
972,200,509,725843968,4
973,200,52,725843968,6
974,200,101,725843968,4
975,200,77,725843968,2
976,200,62,725590016,9
977,200,167,725598208,3
978,200,101,725598208,3
979,200,68,725852160,5
980,200,30,725843968,1
981,200,342,725852160,5
982,200,170,725852160,10
983,200,41,725852160,2
984,200,64,725852160,4
985,200,45,725979136,4
986,200,58,725979136,4
987,200,334,725987328,2
988,200,44,725987328,4
989,200,60,725987328,7
990,200,101,725987328,4
991,200,653,726241280,3
992,200,573,726241280,1
993,200,193,726114304,2
994,200,287,725852160,18
995,200,385,725835776,2
996,200,197,725831680,9
997,200,44,725835776,4
998,200,274,725581824,17
999,200,111,725581824,5
1000,200,352,725581824,3
1001,200,203,725454848,4
1002,200,427,725360640,7
1003,200,291,725360640,6
1004,200,182,725360640,2
1005,200,264,725352448,4
1006,200,63,725479424,6
1007,200,448,725479424,2
1008,200,223,725479424,3
1009,200,395,725479424,2
1010,200,342,725479424,2
1011,200,255,725344256,9
1012,200,51,725344256,7
1013,200,601,725352448,2
1014,200,433,725352448,3
1015,200,1165,725352448,4
1016,200,331,725352448,3
1017,200,49,725471232,8
1018,200,106,725483520,5
1019,200,57,725483520,2
1020,200,62,725483520,3
1021,200,109,725483520,3
1022,200,147,725483520,6
1023,200,210,725483520,6
1024,200,218,725610496,1
1025,200,46,725602304,2
1026,200,102,725610496,4
1027,200,1261,725610496,2
1028,200,96,725610496,6
1029,200,46,725610496,8
1030,200,181,725610496,4
1031,200,161,725610496,4
1032,200,257,725602304,3
1033,200,46,725610496,4
1034,200,54,725483520,2
1035,200,63,725356544,4
1036,200,69,725356544,5
1037,200,231,725356544,4
1038,200,192,725356544,4
1039,200,49,725356544,4
1040,200,278,725356544,3
1041,200,365,725483520,6
1042,200,76,725483520,3
1043,200,128,725483520,2
1044,200,25,725483520,2
1045,200,196,725483520,4
1046,200,125,725483520,3
1047,200,722,725483520,4
1048,200,140,725483520,3
1049,200,202,725475328,6
1050,200,248,725475328,4
1051,200,3149,725483520,1
1052,200,181,725483520,3
1053,200,138,725475328,7
1054,200,91,725483520,8
1055,200,36,725483520,5
1056,200,929,725483520,2
1057,200,91,725483520,3
1058,200,195,725483520,4
1059,200,196,725610496,4
1060,200,334,725602304,6
1061,200,54,725602304,2
1062,200,101,725610496,4
1063,200,46,725483520,4
1064,200,166,725483520,4
1065,200,43,725610496,6
1066,200,63,725610496,3
1067,200,95,725610496,2
1068,200,99,725602304,11
1069,200,28,725475328,8
1070,200,21,725467136,5
1071,200,433,725340160,6
1072,200,504,725078016,14
1073,200,65,725061632,2
1074,200,83,724934656,3
1075,200,64,724934656,3
1076,200,411,724926464,17
1077,200,310,724934656,2
1078,200,364,724934656,3
1079,200,1827,724959232,5
1080,200,193,725086208,1
1081,200,129,725078016,3
1082,200,758,725086208,2
1083,200,263,724959232,5
1084,200,3060,724951040,2
1085,200,246,725086208,5
1086,200,52,725086208,3
1087,200,140,725086208,3
1088,200,144,725086208,2
1089,200,472,725086208,3
1090,200,55,724959232,5
1091,200,188,725082112,5
1092,200,235,725086208,5
1093,200,109,725086208,2
1094,200,649,725086208,4
1095,200,340,724959232,4
1096,200,228,724959232,3
1097,200,1592,725086208,3
1098,200,409,725086208,2
1099,200,164,724959232,1
1100,200,68,724959232,4
1101,200,335,724959232,2
1102,200,105,724959232,9
1103,200,57,725086208,11
1104,200,170,725086208,3
1105,200,80,724959232,2
1106,200,182,724951040,8
1107,200,133,724951040,5
1108,200,529,724959232,3
1109,200,53,724959232,6
1110,200,136,724959232,2
1111,200,51,724959232,3
1112,200,93,724959232,3
1113,200,57,724959232,3
1114,200,31,724959232,5
1115,200,28,724951040,8
1116,200,468,724959232,3
1117,200,104,724959232,2
1118,200,726,724959232,1
1119,200,129,724959232,4
1120,200,1564,724832256,4
1121,200,461,724959232,3
1122,200,247,724959232,9
1123,200,346,724959232,6
1124,200,71,724951040,8
1125,200,143,724975616,5
1126,200,175,724975616,2
1127,200,497,724721664,2
1128,200,214,724721664,4
1129,200,50,724721664,4
1130,200,340,724721664,3
1131,200,221,724721664,6
1132,200,237,724721664,3
1133,200,503,724848640,2
1134,200,223,724848640,2
1135,200,92,724848640,3
1136,200,81,724848640,2
1137,200,196,724848640,1
1138,200,295,724848640,9
1139,200,154,724975616,4
1140,200,145,724975616,3
1141,200,153,724848640,2
1142,200,502,724848640,1
1143,200,63,724848640,27
1144,200,83,725078016,10
1145,200,37,725078016,5
1146,200,92,725078016,6
1147,200,173,725078016,3
1148,200,152,724942848,8
1149,200,446,724832256,13
1150,200,300,724561920,6
1151,200,319,724561920,3
1152,200,193,724561920,9
1153,200,272,724586496,10
1154,200,39,724840448,5
1155,200,108,724840448,3
1156,200,72,724713472,6
1157,200,120,724713472,5
1158,200,37,724713472,5
1159,200,134,724713472,6
1160,200,199,724713472,3
1161,200,211,724713472,4
1162,200,467,724713472,4
1163,200,89,724713472,3
1164,200,136,724713472,2
1166,200,213,724840448,2
1167,200,134,724840448,5
1168,200,953,724840448,2
1169,200,81,724840448,2
1170,200,130,724840448,2
1171,200,54,724840448,7
1172,200,289,724840448,3
1173,200,51,724840448,5
1174,200,134,724832256,2
1175,200,33,724832256,7
1176,200,65,724840448,5
1177,200,579,724848640,5
1178,200,43,724848640,3
1179,200,23,724971520,4
1180,200,28,724971520,4
1181,200,45,724971520,3
1182,200,40,724971520,5
1183,200,48,724844544,10
1184,200,23,724836352,3
1185,200,64,724844544,3
1186,200,251,724844544,2
1187,200,120,724844544,3
1188,200,159,724844544,3
1189,200,138,724844544,5
1190,200,37,724844544,3
1191,200,62,724844544,4
1192,200,114,724844544,4
1193,200,59,724836352,5
1194,200,51,724844544,4
1195,200,45,724844544,6
1196,200,41,724844544,3
1197,200,32,724844544,9
1198,200,32,724844544,5
1199,200,57,724844544,6
1200,200,148,724844544,5
1201,200,101,724971520,7
1202,200,91,724971520,3
1203,200,26,724844544,4
1204,200,63,724844544,4
1205,200,42,724717568,4
1206,200,81,724717568,2
1207,200,60,724717568,4
1208,200,33,724717568,5
1209,200,58,724717568,4
1210,200,103,724717568,7
1211,200,27,724717568,3
1212,200,87,724717568,5
1213,200,49,724717568,5
1214,200,23,724717568,3
1215,200,36,724717568,5
1216,200,69,724717568,2
1217,200,95,724717568,7
1218,200,324,724717568,1
1219,200,25,724463616,6
1220,200,65,724463616,4
1221,200,101,724463616,5
1222,200,29,724463616,3
1223,200,81,724463616,3
1224,200,52,724463616,5
1225,200,38,724590592,6
1226,200,91,724590592,2
1227,200,23,724590592,5
1228,200,81,724590592,3
1229,200,222,724590592,3
1230,200,85,724590592,5
1231,200,121,724590592,23
1232,200,204,724566016,3
1233,200,58,724566016,5
1234,200,53,724566016,4
1235,200,28,724566016,8
1236,200,66,724422656,28
1237,200,251,724439040,3
1238,200,28,724439040,4
1239,200,84,724439040,5
1240,200,366,724439040,5
1241,200,47,724463616,17
1242,200,55,724463616,3
1243,200,49,724455424,4
1244,200,55,724463616,2
1245,200,169,724590592,4
1246,200,47,724590592,3
1247,200,46,724590592,4
1248,200,120,724590592,3
1249,200,33,724590592,5
1250,200,48,724590592,9
1251,200,130,724717568,7
1252,200,23,724590592,5
1253,200,68,724717568,4
1254,200,92,724717568,4
1255,200,27,724717568,3
1256,200,24,724717568,4
1257,200,185,724717568,11
1258,200,66,724717568,3
1259,200,35,724717568,2
1260,200,52,724717568,4
1261,200,28,724717568,11
1262,200,29,724717568,3
1263,200,73,724836352,7
1264,200,163,724844544,2
1265,200,38,724717568,3
1266,200,134,724717568,4
1267,200,70,724717568,3
1268,200,37,724590592,5
1269,200,49,724717568,8
1270,200,125,724844544,2
1271,200,70,724844544,3
1272,200,72,724717568,2
1273,200,62,724844544,3
1274,200,42,724717568,5
1275,200,51,724971520,6
1276,200,237,724971520,4
1277,200,98,724971520,6
1278,200,19,724971520,3
1279,200,25,724844544,3
1280,200,22,724844544,3
1281,200,28,724971520,7
1282,200,98,724971520,2
1283,200,51,724971520,2
1284,200,50,724844544,6
1285,200,105,724844544,4
1286,200,164,724717568,4
1287,200,46,724717568,6
1288,200,77,724717568,3
1289,200,288,724717568,3
1290,200,173,724717568,5
1291,200,45,724709376,3
1292,200,41,724717568,3
1293,200,108,724717568,7
1294,200,51,724717568,4
1295,200,30,724717568,5
1296,200,64,724717568,4
1297,200,156,724717568,2
1298,200,59,724717568,3
1299,200,43,724844544,5
1300,200,53,724844544,2
1301,200,26,724844544,6
1302,200,51,724844544,2
1303,200,43,724717568,5
1304,200,23,724717568,6
1305,200,155,724717568,4
1306,200,39,724844544,3
1307,200,50,724717568,3
1308,200,40,724717568,5
1309,200,54,724717568,7
1310,200,67,724590592,5
1311,200,62,724582400,5
1312,200,33,724590592,4
1313,200,23,724590592,4
1314,200,80,724590592,2
1315,200,25,724590592,3
1316,200,42,724590592,3
1317,200,28,724590592,6
1318,200,24,724590592,4
1319,200,19,724590592,9
1320,200,30,724590592,4
1321,200,36,724590592,4
1322,200,33,724590592,2
1323,200,92,724590592,8
1324,200,28,724717568,5
1325,200,36,724717568,3
1326,200,44,724590592,8
1327,200,56,724590592,2
1328,200,52,724586496,6
1329,200,121,724590592,5
1330,200,31,724590592,5
1331,200,32,724590592,5
1332,200,48,724590592,3
1333,200,26,724590592,5
1334,200,51,724590592,31
1335,200,206,724566016,1
1336,200,25,724566016,4
1337,200,27,724439040,3
1338,200,77,724430848,3
1339,200,34,724312064,20
1340,200,106,724447232,15
1341,200,71,724447232,4
1342,200,38,724443136,6
1343,200,129,724316160,5
1344,200,57,724316160,3
1345,200,44,724467712,18
1346,200,47,724467712,4
1347,200,68,724467712,5
1348,200,31,724459520,5
1349,200,285,724594688,4
1350,200,202,724594688,2
1351,200,263,724594688,3
1352,200,37,724594688,3
1353,200,39,724467712,10
1354,200,48,724467712,3
1355,200,26,724721664,8
1356,200,18,724721664,5
1357,200,79,724594688,3
1358,200,98,724594688,3
1359,200,262,724467712,4
1360,200,109,724340736,2
1361,200,709,724594688,4
1362,200,272,724594688,4
1363,200,260,724594688,1
1364,200,414,724459520,5
1365,200,65,724459520,2
1366,200,22,724467712,5
1367,200,140,724340736,7
1368,200,50,724340736,4
1369,200,114,724340736,3
1370,200,31,724340736,2
1371,200,24,724340736,4
1372,200,157,724340736,5
1373,200,37,724340736,6
1374,200,36,724332544,6
1375,200,30,724340736,6
1376,200,111,724340736,3
1377,200,112,724340736,7
1378,200,48,724213760,3
1379,200,42,724340736,10
1380,200,128,724213760,2
1381,200,82,724340736,3
1382,200,60,724340736,9
1383,200,27,724205568,5
1384,200,62,724205568,5
1385,200,34,724213760,8
1386,200,58,724213760,4
1387,200,77,724213760,3
1388,200,154,724213760,2
1389,200,68,724213760,3
1390,200,33,724213760,5
1391,200,53,724086784,9
1392,200,94,723959808,3
1393,200,176,723959808,4
1394,200,49,723959808,4
1395,200,45,724086784,4
1396,200,31,724086784,2
1397,200,21,724213760,6
1398,200,34,724213760,6
1399,200,54,724213760,10
1400,200,50,724213760,4
1401,200,44,724213760,2
1402,200,32,724213760,9
1403,200,60,724340736,9
1404,200,39,724340736,5
1405,200,94,724340736,4
1406,200,20,724340736,2
1407,200,65,724213760,4
1408,200,57,724213760,6
1409,200,36,724340736,7
1410,200,491,724340736,4
1411,200,44,724340736,1
1412,200,33,724213760,6
1413,200,25,724205568,5
1414,200,38,724205568,4
1415,200,55,724086784,6
1416,200,56,724086784,4
1417,200,30,724086784,8
1418,200,42,724086784,4
1419,200,39,724086784,6
1420,200,21,724086784,5
1421,200,28,724086784,5
1422,200,50,724086784,4
1423,200,63,724086784,3
1424,200,64,724086784,5
1425,200,33,724086784,4
1426,200,71,724086784,3
1427,200,53,724086784,6
1428,200,151,724086784,5
1429,200,32,724086784,10
1430,200,32,724086784,3
1431,200,25,724086784,5
1432,200,105,724086784,3
1433,200,30,723951616,6
1434,200,54,723959808,15
1435,200,106,723935232,15
1436,200,50,723935232,3
1437,200,56,723935232,8
1438,200,50,723935232,6
1439,200,43,723935232,3
1440,200,83,723832832,25
1441,200,29,723808256,3
1442,200,21,723808256,5
1443,200,43,723808256,4
1444,200,38,723681280,7
1445,200,67,723677184,4
1446,200,24,723578880,17
1447,200,21,723578880,2
1448,200,45,723832832,7
1449,200,59,723832832,6
1450,200,18,723841024,3
1451,200,32,723841024,3
1452,200,155,723841024,2
1453,200,42,723841024,5
1454,200,22,723841024,7
1455,200,119,723841024,6
1456,200,57,723841024,4
1457,200,32,723841024,3
1458,200,26,723841024,4
1459,200,27,723841024,8
1460,200,45,723841024,9
1461,200,27,723968000,5
1462,200,110,723968000,3
1463,200,136,723959808,4
1464,200,54,723968000,6
1465,200,47,723968000,5
1466,200,60,723968000,8
1467,200,76,723968000,3
1468,200,47,723968000,3
1469,200,26,723968000,3
1470,200,238,723968000,3
1471,200,41,723968000,3
1472,200,51,723963904,6
1473,200,22,723963904,2
1474,200,41,723841024,4
1475,200,34,723832832,7
1476,200,32,723832832,4
1477,200,39,723832832,5
1478,200,49,724213760,10
1479,200,82,724213760,4
1480,200,66,724213760,7
1481,200,33,724213760,3
1482,200,32,724205568,6
1483,200,19,724213760,11
1484,200,124,724340736,8
1485,200,51,724340736,3
1486,200,45,724340736,2
1487,200,35,724340736,5
1488,200,33,724340736,9
1489,200,29,724340736,4
1490,200,24,724340736,5
1491,200,56,724340736,4
1492,200,32,724340736,6
1493,200,307,724340736,3
1494,200,225,724340736,5
1495,200,63,724340736,4
1496,200,84,724340736,10
1497,200,270,724340736,4
1498,200,43,724340736,4
1499,200,38,724340736,4
1500,200,24,724340736,1
1501,200,31,724332544,5
1502,200,52,724348928,5
1503,200,30,724348928,5
1504,200,162,724344832,3
1505,200,53,724344832,3
1506,200,52,724344832,5
1507,200,39,724344832,7
1508,200,26,724344832,10
1509,200,22,729423872,15
1510,200,33,729550848,2
1511,200,52,729550848,4
1512,200,39,729550848,5
1513,200,32,729550848,5
1514,200,96,729677824,7
1515,200,253,729677824,2
1516,200,45,729677824,5
1517,200,28,729677824,4
1518,200,50,729677824,8
1519,200,47,729677824,3
1520,200,58,729804800,4
1521,200,89,729804800,3
1522,200,23,729804800,6
1523,200,49,729931776,3
1524,200,34,729931776,3
1525,200,27,729931776,8
1526,200,66,729931776,6
1527,200,43,730058752,4
1528,200,54,730058752,4
1529,200,148,730058752,2
1530,200,34,730058752,2
1531,200,69,729923584,3
1532,200,34,730058752,6
1533,200,23,730058752,3
1534,200,122,729931776,3
1535,200,25,729931776,3
1536,200,35,729931776,6
1537,200,25,729931776,7
1538,200,73,729931776,7
1539,200,33,729804800,5
1540,200,51,729804800,23
1541,200,41,729763840,5
1542,200,93,729780224,3
1543,200,43,729780224,6
1544,200,77,729780224,2
1545,200,63,729653248,19
1546,200,102,729653248,6
1547,200,54,729653248,6
1548,200,53,729526272,2
1549,200,30,729399296,9
1550,200,26,729399296,6
1551,200,28,729677824,23
1552,200,103,729677824,9
1553,200,32,730058752,6
1554,200,109,730058752,2
1555,200,26,730185728,4
1556,200,25,730185728,3
1557,200,25,730185728,2
1558,200,73,730185728,7
1559,200,106,730312704,2
1560,200,62,730312704,10
1561,200,48,730304512,3
1562,200,38,730312704,6
1563,200,29,730185728,5
1564,200,52,730185728,5
1565,200,47,730185728,1
1566,200,248,730185728,3
1567,200,39,730185728,1
1568,200,155,730185728,3
1569,200,52,730185728,3
1570,200,60,730185728,5
1571,200,26,730312704,5
1572,200,22,730185728,5
1573,200,161,730185728,4
1574,200,34,730058752,4
1575,200,60,730058752,5
1576,200,261,730312704,5
1577,200,455,730312704,2
1578,200,27,730185728,2
1579,200,68,730177536,3
1580,200,60,730185728,4
1581,200,64,730058752,5
1582,200,40,730312704,5
1583,200,46,730312704,5
1584,200,52,730312704,4
1585,200,63,730185728,3
1586,200,56,730185728,2
1587,200,69,730185728,3
1588,200,63,730185728,4
1589,200,71,730185728,3
1590,200,91,730185728,9
1591,200,41,730185728,4
1592,200,48,730185728,1
1593,200,101,730185728,4
1594,200,46,730058752,5
1595,200,33,730058752,5
1596,200,26,730058752,6
1597,200,78,729931776,3
1598,200,82,729931776,3
1599,200,60,729931776,3
1600,200,180,730185728,7
1601,200,127,730185728,1
1602,200,21,730185728,5
1603,200,38,730185728,3
1604,200,73,730185728,3
1605,200,40,730185728,5
1606,200,104,730185728,8
1607,200,123,730185728,8
1608,200,39,730185728,2
1609,200,438,730185728,3
1610,200,360,730185728,3
1611,200,145,730058752,2
1612,200,94,730185728,8
1613,200,284,730185728,6
1614,200,97,730185728,3
1615,200,60,730058752,5
1616,200,169,730058752,2
1617,200,715,730058752,2
1618,200,137,729804800,8
1619,200,200,729804800,2
1620,200,169,729804800,2
1621,200,84,729804800,3
1622,200,81,729804800,3
1623,200,33,729804800,8
1624,200,157,729804800,3
1625,200,140,729804800,3
1626,200,74,729804800,2
1627,200,44,729677824,4
1628,200,125,729677824,3
1629,200,143,729677824,4
1630,200,38,729677824,8
1631,200,80,729677824,4
1632,200,89,729677824,3
1633,200,75,729677824,3
1634,200,37,729677824,5
1635,200,111,729677824,6
1636,200,40,729669632,4
1637,200,229,729677824,1
1638,200,703,729677824,13
1639,200,25,729636864,3
1640,200,92,729653248,6
1641,200,75,729653248,3
1642,200,177,729653248,4
1643,200,124,729702400,24
1644,200,83,729653248,4
1645,200,53,729661440,4
1646,200,48,729661440,4
1647,200,21,729661440,5
1648,200,52,729661440,9
1649,200,45,729686016,16
1650,200,115,729686016,2
1651,200,49,729686016,6
1652,200,66,729686016,1
1653,200,40,729686016,5
1654,200,40,729686016,2
1655,200,32,729686016,2
1656,200,46,729686016,5
1657,200,29,729686016,4
1658,200,31,729686016,6
1659,200,49,729686016,2
1660,200,31,729686016,5
1661,200,60,729686016,4
1662,200,36,729812992,5
1663,200,27,729812992,4
1664,200,32,729812992,3
1665,200,29,729817088,3
1666,200,191,729817088,3
1667,200,50,729817088,4
1668,200,26,729817088,8
1669,200,65,729817088,4
1670,200,62,729817088,3
1671,200,39,729817088,5
1672,200,28,729817088,3
1673,200,33,729817088,3
1674,200,71,729944064,3
1675,200,39,729935872,3
1676,200,67,729944064,3
1677,200,69,729944064,8
1678,200,40,729944064,3
1679,200,76,729944064,2
1680,200,22,730071040,8
1681,200,31,730071040,3
1682,200,26,730071040,5
1683,200,31,729944064,2
1684,200,37,729944064,1
1685,200,60,729944064,12
1686,200,36,729944064,8
1687,200,51,729944064,4
1688,200,25,729817088,3
1689,200,39,729817088,1
1690,200,41,729817088,4
1691,200,26,729817088,2
1692,200,29,729944064,7
1693,200,49,729944064,3
1694,200,45,729944064,9
1695,200,24,729817088,3
1696,200,40,729808896,3
1697,200,67,729817088,4
1698,200,107,729817088,7
1699,200,27,729817088,6
1700,200,30,729817088,3
1701,200,31,729817088,6
1702,200,81,729817088,3
1703,200,29,729690112,3
1704,200,44,729690112,8
1705,200,954,729808896,2
1706,200,33,729817088,3
1707,200,20,729817088,5
1708,200,35,729817088,3
1709,200,40,729817088,5
1710,200,34,729817088,9
1711,200,24,729817088,6
1712,200,31,729817088,7
1713,200,106,729817088,6
1714,200,23,729817088,6
1715,200,102,729681920,3
1716,200,27,729681920,6
1717,200,70,729690112,4
1718,200,69,729690112,7
1719,200,59,729690112,2
1720,200,46,729690112,3
1721,200,48,729690112,3
1722,200,99,729690112,6
1723,200,31,729690112,5
1724,200,218,729690112,2
1725,200,145,729681920,5
1726,200,22,729690112,4
1727,200,54,729690112,2
1728,200,36,729690112,6
1729,200,131,729690112,7
1730,200,73,729690112,3
1731,200,81,729690112,3
1732,200,49,729690112,4
1733,200,53,729690112,6
1734,200,48,729686016,4
1735,200,60,729686016,5
1736,200,25,729690112,3
1737,200,65,729690112,4
1738,200,26,729690112,3
1739,200,27,729690112,6
1740,200,57,729690112,7
1741,200,28,729690112,4
1742,200,28,729690112,27
1743,200,145,729665536,8
1744,200,44,729657344,4
1745,200,56,729665536,13
1746,200,38,729665536,4
1747,200,28,729665536,3
1748,200,32,729792512,27
1749,200,26,729665536,5
1750,200,58,729665536,4
1751,200,81,729792512,10
1752,200,39,729792512,3
1753,200,30,729665536,2
1754,200,51,729559040,9
1755,200,90,729559040,4
1756,200,40,729817088,9
1757,200,80,729817088,2
1758,200,44,729817088,4
1759,200,112,729817088,3
1760,200,304,729944064,5
1761,200,23,729817088,3
1762,200,67,729817088,4
1763,200,73,729817088,6
1764,200,126,729817088,5
1765,200,35,729817088,4
1766,200,31,729944064,5
1767,200,24,729944064,9
1768,200,43,729817088,4
1769,200,64,729817088,6
1770,200,41,729817088,5
1771,200,63,729690112,3
1772,200,52,729690112,7
1773,200,21,729690112,3
1774,200,117,729690112,3
1775,200,27,729690112,3
1776,200,27,729690112,4
1777,200,52,729690112,2
1778,200,31,729690112,5
1779,200,33,729563136,4
1780,200,36,729563136,10
1781,200,65,729563136,4
1782,200,25,729563136,4
1783,200,30,729563136,4
1784,200,43,729563136,6
1785,200,30,729563136,7
1786,200,28,729563136,2
1787,200,106,729563136,2
1788,200,23,729563136,5
1789,200,59,729563136,4
1790,200,42,729563136,7
1791,200,28,729563136,7
1792,200,32,729563136,7
1793,200,38,729563136,4
1794,200,32,729563136,3
1795,200,23,729563136,5
1796,200,42,729554944,3
1797,200,103,729563136,2
1798,200,102,729563136,3
1799,200,183,729563136,3
1800,200,55,729563136,3
1801,200,91,729563136,3
1802,200,43,729563136,10
1803,200,28,729563136,5
1804,200,38,729563136,5
1805,200,54,729563136,5
1806,200,171,729563136,4
1807,200,72,729563136,3
1808,200,56,729563136,5
1809,200,39,729563136,5
1810,200,63,729563136,4
1811,200,34,729563136,5
1812,200,225,729563136,7
1813,200,21,729563136,4
1814,200,47,729563136,9
1815,200,30,729563136,6
1816,200,29,729563136,4
1817,200,52,729563136,11
1818,200,36,729563136,4
1819,200,50,729563136,3
1820,200,38,729411584,10
1821,200,152,729436160,3
1822,200,38,729436160,4
1823,200,41,729436160,5
1824,200,39,729436160,6
1825,200,48,729436160,10
1826,200,50,729444352,8
1827,200,58,729444352,2
1828,200,91,729440256,8
1829,200,27,729440256,6
1830,200,34,729440256,4
1831,200,34,729313280,4
1832,200,26,729313280,5
1833,200,39,729313280,7
1834,200,59,729313280,4
1835,200,217,729313280,2
1836,200,64,729313280,5
1837,200,34,729313280,2
1838,200,38,729305088,6
1839,200,51,729305088,4
1840,200,27,729313280,5
1841,200,49,729313280,2
1842,200,34,729313280,3
1843,200,85,729313280,3
1844,200,35,729313280,6
1845,200,26,729313280,6
1846,200,43,729313280,2
1847,200,53,729313280,5
1848,200,20,729034752,26
1849,200,54,729034752,10
1850,200,42,729034752,4
1851,200,55,729034752,6
1852,200,117,729034752,2
1853,200,94,729034752,3
1854,200,47,728907776,24
1855,200,38,728907776,9
1856,200,20,728907776,6
1857,200,43,728907776,4
1858,200,24,728907776,2
1859,200,93,728899584,9
1860,200,36,729186304,15
1861,200,75,729186304,3
1862,200,30,729186304,2
1863,200,26,729186304,4
1864,200,111,729186304,6
1865,200,34,729186304,3
1866,200,69,729186304,2
1867,200,39,729186304,2
1868,200,28,729186304,4
1869,200,61,729186304,6
1870,200,18,729313280,6
1871,200,28,729313280,2
1872,200,63,729313280,4
1873,200,31,729313280,3
1874,200,67,729313280,3
1875,200,103,729313280,3
1876,200,20,729309184,4
1877,200,19,729309184,9
1878,200,38,729313280,5
1879,200,26,729313280,6
1880,200,29,729305088,4
1881,200,26,729313280,6
1882,200,35,729313280,12
1883,200,51,729313280,5
1884,200,74,729313280,3
1885,200,44,729313280,4
1886,200,33,729313280,5
1887,200,35,729313280,2
1888,200,30,729440256,5
1889,200,31,729440256,4
1890,200,53,729432064,5
1891,200,39,729407488,9
1892,200,48,729436160,2
1893,200,35,729436160,4
1894,200,51,729563136,5
1895,200,79,729436160,3
1896,200,27,729436160,5
1897,200,29,729436160,3
1898,200,28,729436160,4
1899,200,43,729309184,3
1900,200,37,729436160,9
1901,200,37,729563136,4
1902,200,207,729563136,5
1903,200,68,729563136,2
1904,200,31,729563136,6
1905,200,20,729436160,3
1906,200,151,729436160,6
1907,200,85,729436160,5
1908,200,41,729436160,2
1909,200,163,729436160,1
1910,200,67,729436160,4
1911,200,55,729436160,5
1912,200,19,729436160,8
1913,200,79,729436160,3
1914,200,87,729436160,3
1915,200,52,729436160,4
1916,200,36,729436160,3
1917,200,47,729436160,2
1918,200,133,729436160,5
1919,200,37,729563136,5
1920,200,45,729563136,5
1921,200,28,729554944,5
1922,200,22,729563136,6
1923,200,67,729563136,2
1924,200,26,729563136,14
1925,200,22,729563136,4
1926,200,165,729563136,4
1927,200,35,729563136,4
1928,200,26,729563136,5
1929,200,52,729563136,5
1930,200,68,729563136,8
1931,200,509,729563136,2
1932,200,27,729563136,4
1933,200,63,729563136,1
1934,200,34,729563136,3
1935,200,37,729563136,5
1936,200,53,729563136,4
1937,200,56,729563136,3
1938,200,19,729563136,4
1939,200,30,729563136,3
1940,200,65,729563136,2
1941,200,23,729554944,5
1942,200,21,729554944,5
1943,200,55,729563136,3
1944,200,36,729563136,2
1945,200,46,729563136,3
1946,200,112,729563136,3
1947,200,23,729563136,5
1948,200,43,729563136,4
1949,200,148,729563136,4
1950,200,85,729563136,5
1951,200,21,729563136,6
1952,200,54,729563136,4
1953,200,49,729563136,5
1954,200,59,729284608,29
1955,200,51,729284608,7
1956,200,63,729284608,3
1957,200,84,729284608,6
1958,200,133,729284608,2
1959,200,80,729284608,28
1960,200,24,729284608,6
1961,200,183,729276416,1
1962,200,52,729284608,2
1963,200,160,729157632,2
1964,200,123,729157632,10
1965,200,21,728903680,16
1966,200,38,728903680,3
1967,200,32,728928256,5
1968,200,67,728928256,4
1969,200,34,728928256,3
1970,200,27,728928256,7
1971,200,75,728920064,5
1972,200,50,728928256,3
1973,200,224,728928256,5
1974,200,106,728928256,2
1975,200,129,728928256,3
1976,200,83,728928256,6
1977,200,307,728928256,2
1978,200,31,728928256,5
1979,200,117,728928256,4
1980,200,788,728928256,2
1981,200,171,728928256,4
1982,200,71,728928256,7
1983,200,242,728928256,1
1984,200,130,728928256,5
1985,200,211,728928256,1
1986,200,262,728928256,6
1987,200,17,728928256,3
1988,200,36,728920064,9
1989,200,131,728932352,2
1990,200,37,728940544,3
1991,200,95,728940544,4
1992,200,143,728940544,5
1993,200,64,728940544,11
1994,200,286,729067520,5
1995,200,56,729194496,4
1996,200,114,729194496,2
1997,200,149,729194496,4
1998,200,118,729194496,2
1999,200,44,729194496,2
2000,200,58,729321472,5
2001,200,251,729321472,3
2002,200,71,729321472,4
2003,200,873,729321472,4
2004,200,130,729321472,5
2005,200,152,729313280,2
2006,200,74,729448448,5
2007,200,33,729448448,5
2008,200,67,729448448,6
2009,200,147,729313280,5
2010,200,80,729313280,4
2011,200,62,729313280,3
2012,200,64,729313280,9
2013,200,35,729440256,1
2014,200,34,729432064,1
2015,200,45,729432064,6
2016,200,58,729440256,4
2017,200,45,729440256,5
2018,200,49,729440256,6
2019,200,35,729440256,3
2020,200,24,729440256,3
2021,200,47,729440256,4
2022,200,25,729313280,5
2023,200,40,729313280,4
2024,200,25,729440256,7
2025,200,50,729440256,7
2026,200,58,729440256,4
2027,200,33,729440256,2
2028,200,53,729440256,4
2029,200,45,729313280,3
2030,200,35,729313280,7
2031,200,29,729313280,7
2032,200,36,729313280,4
2033,200,24,729313280,6
2034,200,52,729313280,4
2035,200,21,729313280,4
2036,200,24,729305088,6
2037,200,20,729313280,3
2038,200,101,729313280,10
2039,200,80,729313280,6
2040,200,28,729313280,2
2041,200,39,729313280,2
2042,200,45,729313280,5
2043,200,21,729313280,4
2044,200,38,729313280,5
2045,200,89,729313280,5
2046,200,26,729432064,6
2047,200,33,729440256,7
2048,200,111,729567232,5
2049,200,56,729567232,3
2050,200,23,729567232,5
2051,200,51,729567232,5
2052,200,104,729567232,3
2053,200,66,729161728,30
2054,200,40,729161728,4
2055,200,27,729161728,3
2056,200,106,729161728,6
2057,200,55,729161728,4
2058,200,40,729161728,4
2059,200,70,729178112,31
2060,200,48,729161728,3
2061,200,37,729161728,2
2062,200,50,729161728,5
2063,200,78,729034752,3
2064,200,245,729186304,13
2065,200,24,729186304,8
2066,200,39,729186304,2
2067,200,39,729186304,4
2068,200,33,729313280,8
2069,200,24,729313280,6
2070,200,21,729313280,4
2071,200,31,729313280,3
2072,200,18,729313280,6
2073,200,75,729313280,5
2074,200,57,729313280,2
2075,200,52,729313280,7
2076,200,29,729313280,2
2077,200,24,729313280,3
2078,200,25,729313280,7
2079,200,236,729440256,6
2080,200,31,729440256,3
2081,200,51,729440256,4
2082,200,31,729313280,4
2083,200,43,729313280,5
2084,200,30,729313280,5
2085,200,30,729440256,7
2086,200,28,729440256,5
2087,200,29,729432064,4
2088,200,21,729440256,4
2089,200,31,729440256,2
2090,200,21,729313280,3
2091,200,133,729313280,9
2092,200,39,729313280,6
2093,200,72,729313280,4
2094,200,46,729313280,5
2095,200,54,729313280,5
2096,200,24,729313280,2
2097,200,41,729313280,3
2098,200,50,729313280,4
2099,200,79,729313280,5
2100,200,127,729313280,7
2101,200,46,729313280,7
2102,200,57,729313280,4
2103,200,19,729313280,4
2104,200,43,729313280,11
2105,200,51,729313280,5
2106,200,58,729313280,3
2107,200,26,729440256,5
2108,200,42,729440256,2
2109,200,204,729313280,6
2110,200,43,729313280,5
2111,200,72,729059328,19
2112,200,84,729059328,21
2113,200,66,729059328,7
2114,200,71,729059328,5
2115,200,160,729059328,4
2116,200,89,729051136,2
2117,200,127,729059328,3
2118,200,46,728932352,3
2119,200,62,728805376,8
2120,200,20,728805376,5
2121,200,50,728805376,2
2122,200,81,728805376,4
2123,200,234,728805376,5
2124,200,49,728805376,4
2125,200,27,728805376,8
2126,200,27,728932352,11
2127,200,107,728932352,2
2128,200,39,728932352,5
2129,200,117,728932352,2
2130,200,32,728932352,1
2131,200,25,729059328,6
2132,200,35,729059328,1
2133,200,16,729059328,5
2134,200,22,729059328,4
2135,200,38,729059328,3
2136,200,46,729051136,4
2137,200,51,729313280,35
2138,200,75,729313280,6
2139,200,91,729313280,6
2140,200,32,729313280,4
2141,200,62,729186304,4
2142,200,24,729186304,6
2143,200,121,729313280,8
2144,200,55,729313280,3
2145,200,28,729182208,4
2146,200,28,729182208,4
2147,200,73,729186304,3
2148,200,27,729186304,4
2149,200,19,728932352,8
2150,200,77,728932352,3
2151,200,49,728940544,4
2152,200,106,728936448,3
2153,200,85,728936448,4
2154,200,48,728936448,3
2155,200,33,729055232,9
2156,200,45,729063424,8
2157,200,35,729063424,5
2158,200,29,729063424,9
2159,200,56,728784896,20
2160,200,47,728784896,5
2161,200,84,728784896,4
2162,200,53,728784896,4
2163,200,18,728784896,8
2164,200,29,728928256,21
2165,200,32,728780800,14
2166,200,34,728780800,3
2167,200,24,728784896,6
2168,200,90,728784896,3
2169,200,38,728784896,4
2170,200,102,729190400,14
2171,200,37,729190400,2
2172,200,48,729063424,4
2173,200,22,729063424,3
2174,200,112,729190400,6
2175,200,46,729182208,5
2176,200,115,729190400,6
2177,200,22,729063424,2
2178,200,51,729063424,2
2179,200,72,729063424,7
2180,200,36,729190400,12
2181,200,47,729317376,2
2182,200,24,729317376,2
2183,200,36,729190400,2
2184,200,31,729190400,4
2185,200,37,729190400,4
2186,200,47,729190400,7
2187,200,54,729190400,5
2188,200,33,729190400,4
2189,200,74,729190400,3
2190,200,33,729190400,4
2191,200,54,729190400,4
2192,200,76,729190400,6
2193,200,26,729190400,4
2194,200,31,729190400,2
2195,200,25,729190400,4
2196,200,27,729190400,3
2197,200,35,729190400,5
2198,200,36,729190400,9
2199,200,26,729190400,3
2200,200,50,729190400,4
2201,200,25,729190400,4
2202,200,32,729190400,4
2203,200,30,729063424,5
2204,200,59,729190400,9
2205,200,32,729190400,4
2206,200,35,729190400,3
2207,200,58,729190400,3
2208,200,52,729190400,6
2209,200,36,729063424,3
2210,200,21,729063424,8
2211,200,35,729063424,4
2212,200,61,729063424,3
2213,200,36,729063424,6
2214,200,31,729063424,4
2215,200,105,729063424,4
2216,200,64,729055232,6
2217,200,28,729063424,3
2218,200,115,729063424,2
2219,200,107,729063424,4
2220,200,35,729063424,5
2221,200,74,729063424,2
2222,200,98,729190400,5
2223,200,29,729190400,2
2224,200,93,729190400,5
2225,200,93,729190400,5
2226,200,48,729190400,3
2227,200,50,729190400,4
2228,200,53,729190400,6
2229,200,43,729190400,4
2230,200,32,729190400,4
2231,200,33,729190400,3
2232,200,35,729190400,6
2233,200,38,729190400,3
2234,200,21,729190400,5
2235,200,34,729190400,5
2236,200,39,729190400,1
2237,200,34,729190400,2
2238,200,25,729190400,3
2239,200,40,729190400,2
2240,200,156,729190400,6
2241,200,26,729190400,2
2242,200,28,729190400,8
2243,200,39,729190400,4
2244,200,42,729190400,5
2245,200,66,729190400,3
2246,200,21,729190400,8
2247,200,108,729190400,2
2248,200,37,729190400,5
2249,200,52,729190400,3
2250,200,18,729190400,5
2251,200,29,729190400,4
2252,200,29,729190400,9
2253,200,33,729190400,5
2254,200,36,729190400,3
2255,200,42,729186304,4
2256,200,42,729190400,5
2257,200,28,729190400,2
2258,200,48,729063424,4
2259,200,41,729063424,5
2260,200,71,729063424,2
2261,200,27,729063424,4
2262,200,57,729063424,5
2263,200,52,729063424,5
2264,200,43,729063424,5
2265,200,67,729063424,6
2266,200,52,728784896,26
2267,200,38,728784896,5
2268,200,35,728649728,3
2269,200,20,728657920,8
2270,200,57,728657920,4
2271,200,23,728657920,5
2272,200,34,728784896,24
2273,200,82,728784896,3
2274,200,16,728784896,11
2275,200,68,728657920,4
2276,200,81,728657920,3
2277,200,24,728657920,4
2278,200,72,728682496,12
2279,200,46,728682496,7
2280,200,38,728809472,5
2281,200,32,728809472,8
2282,200,51,728809472,5
2283,200,32,728801280,6
2284,200,40,728801280,4
2285,200,34,728682496,5
2286,200,51,728682496,4
2287,200,41,728682496,6
2288,200,25,728682496,1
2289,200,35,728682496,8
2290,200,42,728682496,4
2291,200,39,728936448,9
2292,200,30,728936448,2
2293,200,31,728936448,5
2294,200,43,728809472,2
2295,200,92,728809472,3
2296,200,63,728809472,5
2297,200,37,728936448,7
2298,200,216,728936448,3
2299,200,34,728809472,36
2300,200,20,728809472,6
2301,200,21,728809472,5
2302,200,127,728809472,3
2303,200,95,728682496,5
2304,200,60,728682496,5
2305,200,30,728682496,5
2306,200,39,728682496,3
2307,200,28,728682496,3
2308,200,38,728682496,5
2309,200,32,728682496,8
2310,200,46,728682496,4
2311,200,74,728682496,3
2312,200,17,728682496,5
2313,200,52,728682496,5
2314,200,49,728682496,5
2315,200,26,728686592,9
2316,200,75,728686592,3
2317,200,33,728686592,4
2318,200,128,728686592,4
2319,200,62,728686592,6
2320,200,45,728686592,2
2321,200,37,728686592,5
2322,200,87,728686592,3
2323,200,24,728686592,6
2324,200,35,728686592,3
2325,200,32,728686592,3
2326,200,46,728686592,3
2327,200,22,728686592,9
2328,200,17,728686592,1
2329,200,52,728686592,7
2330,200,38,728686592,1
2331,200,64,728686592,3
2332,200,31,728686592,5
2333,200,22,728686592,10
2334,200,24,728686592,6
2335,200,35,728686592,2
2336,200,25,728686592,4
2337,200,37,728686592,6
2338,200,39,728686592,2
2339,200,18,728686592,7
2340,200,62,728686592,6
2341,200,25,728686592,4
2342,200,25,728686592,3
2343,200,22,728559616,6
2344,200,61,728559616,5
2345,200,38,728813568,5
2346,200,31,728686592,5
2347,200,93,728813568,3
2348,200,28,728686592,4
2349,200,195,728686592,1
2350,200,46,728686592,5
2351,200,31,728813568,9
2352,200,25,728813568,1
2353,200,20,728813568,4
2354,200,54,728813568,6
2355,200,23,728813568,4
2356,200,37,728678400,3
2357,200,26,728559616,8
2358,200,68,728559616,6
2359,200,98,728559616,3
2360,200,22,728559616,5
2361,200,34,728559616,2
2362,200,41,728559616,4
2363,200,97,728559616,4
2364,200,33,728559616,6
2365,200,30,728559616,2
2366,200,69,728559616,11
2367,200,83,728559616,3
2368,200,41,728559616,6
2369,200,27,728559616,6
2370,200,24,728559616,3
2371,200,22,728559616,2
2372,200,34,728559616,6
2373,200,30,728559616,7
2374,200,55,728559616,27
2375,200,39,728535040,2
2376,200,34,728535040,4
2377,200,25,728535040,3
2378,200,84,728535040,3
2379,200,45,728535040,14
2380,200,37,728535040,19
2381,200,85,728535040,5
2382,200,28,728535040,3
2383,200,430,728535040,2
2384,200,38,728535040,7
2385,200,48,728813568,13
2386,200,23,728813568,1
2387,200,22,728686592,3
2388,200,28,728686592,2
2389,200,39,728686592,4
2390,200,30,728686592,6
2391,200,31,728686592,3
2392,200,33,728686592,5
2393,200,61,728686592,3
2394,200,54,728686592,8
2395,200,52,728686592,2
2396,200,95,728686592,5
2397,200,24,728686592,6
2398,200,44,728686592,4
2399,200,48,728686592,4
2400,200,189,728686592,1
2401,200,39,728686592,2
2402,200,38,728686592,10
2403,200,27,728686592,6
2404,200,34,728686592,4
2405,200,53,728813568,4
2406,200,197,728813568,2
2407,200,44,728805376,7
2408,200,117,728813568,11
2409,200,98,728813568,6
2410,200,72,728813568,1
2411,200,155,728813568,5
2412,200,27,728813568,1
2413,200,36,728813568,5
2414,200,46,728813568,5
2415,200,64,728813568,3
2416,200,48,728805376,5
2417,200,38,728805376,3
2418,200,30,728813568,44
2419,200,32,728813568,4
2420,200,33,728686592,8
2421,200,22,728686592,2
2422,200,21,728686592,3
2423,200,47,728686592,4
2424,200,22,728686592,3
2425,200,31,728686592,4
2426,200,23,728813568,7
2427,200,28,728813568,6
2428,200,31,728813568,2
2429,200,29,728813568,6
2430,200,26,728813568,4
2431,200,22,728813568,2
2432,200,30,728813568,9
2433,200,28,728813568,4
2434,200,30,728813568,5
2435,200,28,728813568,6
2436,200,23,728686592,1
2437,200,43,728686592,8
2438,200,49,728813568,7
2439,200,19,728940544,3
2440,200,34,728940544,4
2441,200,52,728940544,4
2442,200,20,728821760,3
2443,200,26,728821760,5
2444,200,82,728813568,9
2445,200,56,728813568,5
2446,200,23,728813568,5
2447,200,21,728813568,3
2448,200,70,728813568,2
2449,200,39,728813568,6
2450,200,34,728813568,8
2451,200,30,728813568,4
2452,200,26,728813568,3
2453,200,30,728813568,3
2454,200,73,728813568,2
2455,200,25,728813568,5
2456,200,21,728940544,7
2457,200,47,728813568,1
2458,200,46,728813568,4
2459,200,262,728813568,5
2460,200,31,728813568,6
2461,200,45,728813568,7
2462,200,26,728686592,6
2463,200,43,728686592,3
2464,200,34,728686592,3
2465,200,26,728686592,4
2466,200,25,728686592,2
2467,200,36,728686592,5
2468,200,64,728686592,12
2469,200,35,728686592,8
2470,200,96,728678400,3
2471,200,47,728686592,4
2472,200,59,728686592,3
2473,200,51,728686592,3
2474,200,39,728686592,6
2475,200,85,728686592,3
2476,200,28,728686592,5
2477,200,60,728686592,2
2478,200,60,728690688,2
2479,200,52,728690688,3
2480,200,26,728686592,32
2481,200,48,728539136,10
2482,200,31,728539136,5
2483,200,23,728539136,6
2484,200,32,728539136,4
2485,200,57,728539136,6
2486,200,166,728412160,22
2487,200,39,728412160,3
2488,200,21,728285184,4
2489,200,27,728285184,2
2490,200,33,728285184,5
2491,200,30,728158208,7
2492,200,21,728309760,17
2493,200,83,728182784,3
2494,200,75,728182784,5
2495,200,56,728182784,2
2496,200,23,728182784,6
2497,200,60,728182784,4
2498,200,83,728182784,4
2499,200,21,728182784,5
2500,200,74,728301568,8
2501,200,25,728309760,9
2502,200,55,728309760,4
2503,200,23,728309760,6
2504,200,82,728309760,3
2505,200,81,728309760,4
2506,200,32,728436736,10
2507,200,51,728436736,4
2508,200,28,728436736,3
2509,200,80,728436736,4
2510,200,28,728436736,3
2511,200,49,728436736,3
2512,200,34,728436736,8
2513,200,114,728436736,4
2514,200,24,728436736,4
2515,200,23,728436736,4
2516,200,25,728436736,4
2517,200,36,728436736,5
2518,200,50,728436736,8
2519,200,36,728436736,5
2520,200,66,728436736,3
2521,200,28,728563712,4
2522,200,65,728563712,4
2523,200,19,728563712,3
2524,200,21,728563712,7
2525,200,45,728563712,5
2526,200,31,728563712,2
2527,200,28,728563712,1
2528,200,40,728563712,10
2529,200,33,728563712,8
2530,200,21,728563712,6
2531,200,24,728563712,1
2532,200,36,728563712,3
2533,200,47,728563712,4
2534,200,43,728563712,3
2535,200,17,728563712,3
2536,200,22,728563712,7
2537,200,25,728563712,4
2538,200,64,728563712,5
2539,200,68,728563712,3
2540,200,56,728563712,4
2541,200,65,728563712,6
2542,200,46,728682496,7
2543,200,29,728698880,4
2544,200,71,728571904,2
2545,200,39,728571904,2
2546,200,21,728571904,3
2547,200,42,728309760,10
2548,200,42,728309760,12
2549,200,29,728436736,3
2550,200,26,728436736,3
2551,200,35,728436736,3
2552,200,21,728174592,3
2553,200,58,728174592,3
2554,200,25,728182784,6
2555,200,47,728182784,2
2556,200,31,728182784,6
2557,200,35,728182784,8
2558,200,150,728182784,9
2559,200,23,728182784,8
2560,200,72,728182784,7
2561,200,36,728182784,4
2562,200,47,728182784,4
2563,200,28,728309760,6
2564,200,26,728309760,2
2565,200,130,728309760,3
2566,200,45,728436736,7
2567,200,103,728436736,3
2568,200,63,728436736,4
2569,200,76,728309760,2
2570,200,21,728309760,2
2571,200,91,728309760,5
2572,200,22,728174592,6
2573,200,60,728309760,4
2574,200,54,728309760,3
2575,200,26,728309760,6
2576,200,55,728309760,4
2577,200,32,728182784,4
2578,200,29,728436736,5
2579,200,89,728436736,3
2580,200,28,728436736,4
2581,200,28,728436736,3
2582,200,47,728309760,4
2583,200,31,728309760,2
2584,200,33,728309760,7
2585,200,47,728309760,2
2586,200,29,728309760,2
2587,200,76,728309760,6
2588,200,44,728182784,28
2589,200,63,728158208,8
2590,200,28,728158208,4
2591,200,35,728158208,6
2592,200,41,728031232,6
2593,200,21,728031232,6
2594,200,28,728158208,29
2595,200,30,728031232,4
2596,200,38,728031232,4
2597,200,30,728031232,3
2598,200,64,728031232,3
2599,200,33,728031232,4
2600,200,42,728055808,15
2601,200,28,728055808,4
2602,200,25,727928832,5
2603,200,45,727928832,10
2604,200,95,728055808,3
2605,200,24,728182784,4
2606,200,33,728182784,3
2607,200,20,728055808,4
2608,200,21,728055808,4
2609,200,132,728055808,5
2610,200,45,728182784,8
2611,200,44,728182784,5
2612,200,25,728055808,9
2613,200,35,728055808,11
2614,200,57,728047616,3
2615,200,97,727928832,5
2616,200,79,728055808,8
2617,200,28,728182784,4
2618,200,34,728055808,5
2619,200,41,728055808,3
2620,200,63,728055808,3
2621,200,37,728055808,5
2622,200,30,728182784,9
2623,200,45,728178688,2
2624,200,35,728174592,4
2625,200,59,728174592,5
2626,200,35,728055808,5
2627,200,46,728055808,7
2628,200,27,728182784,6
2629,200,19,728182784,4
2630,200,25,728055808,2
2631,200,26,728055808,6
2632,200,26,728055808,5
2633,200,21,728055808,4
2634,200,29,728047616,12
2635,200,27,728055808,8
2636,200,24,728055808,3
2637,200,37,727928832,3
2638,200,54,727928832,5
2639,200,32,727928832,2
2640,200,47,727937024,6
2641,200,60,727937024,4
2642,200,31,727932928,4
2643,200,51,728059904,5
2644,200,35,728051712,3
2645,200,18,728051712,3
2646,200,49,728059904,6
2647,200,54,728059904,8
2648,200,50,728059904,10
2649,200,51,728059904,3
2650,200,50,728059904,4
2651,200,65,728059904,3
2652,200,34,728186880,7
2653,200,62,728186880,3
2654,200,75,728178688,2
2655,200,32,728186880,3
2656,200,32,728186880,10
2657,200,31,728186880,2
2658,200,39,728186880,5
2659,200,35,728186880,4
2660,200,39,728186880,2
2661,200,36,728186880,4
2662,200,92,728059904,3
2663,200,95,728059904,7
2664,200,27,727932928,8
2665,200,114,727932928,6
2666,200,60,727932928,3
2667,200,36,727932928,5
2668,200,36,727932928,3
2669,200,40,727932928,5
2670,200,33,728059904,6
2671,200,37,728059904,10
2672,200,141,728059904,5
2673,200,65,728059904,2
2674,200,39,728059904,4
2675,200,70,727932928,2
2676,200,34,728059904,7
2677,200,18,728059904,2
2678,200,164,728186880,10
2679,200,45,728186880,4
2680,200,37,728186880,1
2681,200,37,728186880,7
2682,200,20,728186880,8
2683,200,34,728186880,2
2684,200,37,728178688,5
2685,200,29,728186880,4
2686,200,37,728186880,4
2687,200,24,728186880,3
2688,200,66,728313856,6
2689,200,41,728186880,2
2690,200,20,728186880,5
2691,200,46,728186880,3
2692,200,39,728186880,5
2693,200,25,728059904,4
2694,200,58,727924736,5
2695,200,89,727924736,5
2696,200,42,727932928,25
2697,200,27,727908352,4
2698,200,50,727908352,4
2699,200,21,727908352,3
2700,200,36,727908352,6
2701,200,39,727908352,5
2702,200,29,727994368,25
2703,200,25,728035328,6
2704,200,40,728035328,6
2705,200,39,728035328,6
2706,200,116,728035328,4
2707,200,29,728035328,8
2708,200,78,728059904,15
2709,200,43,728059904,4
2710,200,37,728059904,3
2711,200,51,728186880,8
2712,200,25,728186880,5
2713,200,30,728186880,3
2714,200,30,728059904,2
2715,200,82,728059904,3
2716,200,31,728059904,4
2717,200,37,728186880,5
2718,200,20,728186880,6
2719,200,29,728186880,3
2720,200,65,728186880,2
2721,200,48,728186880,4
2722,200,38,728059904,2
2723,200,30,728186880,7
2724,200,71,728186880,3
2725,200,58,728186880,3
2726,200,143,728186880,3
2727,200,81,728162304,6
2728,200,27,728059904,2
2729,200,47,728059904,6
2730,200,29,728059904,4
2731,200,19,728059904,6
2732,200,34,728059904,4
2733,200,19,728059904,2
2734,200,28,728059904,2
2735,200,59,728186880,9
2736,200,23,728186880,6
2737,200,22,728186880,8
2738,200,85,728186880,5
2739,200,35,728186880,4
2740,200,35,728059904,6
2741,200,52,728186880,7
2742,200,57,728186880,3
2743,200,28,728059904,2
2744,200,52,728059904,2
2745,200,59,728059904,5
2746,200,34,727932928,5
2747,200,39,728178688,7
2748,200,48,728186880,4
2749,200,30,728186880,3
2750,200,31,728059904,4
2751,200,27,728059904,3
2752,200,22,728059904,5
2753,200,52,728186880,11
2754,200,22,728313856,7
2755,200,50,728186880,4
2756,200,33,728186880,2
2757,200,31,728182784,3
2758,200,62,728182784,4
2759,200,37,728313856,8
2760,200,28,728313856,3
2761,200,46,728186880,3
2762,200,32,728186880,4
2763,200,42,728186880,5
2764,200,33,728186880,6
2765,200,37,728186880,6
2766,200,32,728186880,8
2767,200,26,728186880,4
2768,200,26,728186880,4
2769,200,37,728186880,35
2770,200,31,728186880,4
2771,200,31,728186880,6
2772,200,29,728059904,4
2773,200,32,728059904,3
2774,200,22,728059904,6
2775,200,47,727932928,4
2776,200,26,727932928,8
2777,200,29,728059904,6
2778,200,80,728059904,3
2779,200,17,728059904,4
2780,200,34,728059904,5
2781,200,22,728059904,7
2782,200,62,728059904,6
2783,200,31,728186880,6
2784,200,36,728059904,5
2785,200,29,728059904,4
2786,200,19,728059904,3
2787,200,30,727932928,4
2788,200,74,727932928,2
2789,200,62,727678976,8
2790,200,87,727678976,8
2791,200,37,727678976,3
2792,200,131,727678976,6
2793,200,109,727678976,2
2794,200,32,727678976,4
2795,200,51,727932928,5
2796,200,42,727932928,3
2797,200,23,727932928,3
2798,200,52,727932928,3
2799,200,141,727932928,8
2800,200,24,727932928,3
2801,200,37,728059904,14
2802,200,57,728059904,8
2803,200,32,728059904,3
2804,200,22,728064000,8
2805,200,32,727810048,23
2806,200,56,727785472,8
2807,200,37,727912448,6
2808,200,47,727912448,3
2809,200,31,727912448,4
2810,200,41,727912448,16
2811,200,32,727531520,22
2812,200,79,727531520,8
2813,200,67,727404544,44
2814,200,50,727404544,3
2815,200,25,727404544,6
2816,200,33,727404544,16
2817,200,45,727302144,3
2818,200,22,727429120,2
2819,200,38,727429120,2
2820,200,59,727302144,3
2821,200,103,727547904,7
2822,200,16,727556096,3
2823,200,69,727683072,5
2824,200,28,727683072,5
2825,200,30,727683072,3
2826,200,54,727683072,3
2827,200,30,727810048,7
2828,200,57,727810048,3
2829,200,38,727810048,5
2830,200,49,727810048,3
2831,200,54,727801856,4
2832,200,22,727801856,3
2833,200,56,728064000,6
2834,200,17,728064000,5
2835,200,44,728064000,4
2836,200,48,728064000,3
2837,200,51,728064000,3
2838,200,37,727937024,2
2839,200,44,727937024,6
2840,200,34,727937024,3
2841,200,182,727937024,2
2842,200,38,727928832,6
2843,200,23,727937024,2
2844,200,54,727937024,5
2845,200,43,727937024,9
2846,200,34,727937024,7
2847,200,22,727937024,5
2848,200,49,727937024,3
2849,200,75,727937024,3
2850,200,77,727937024,3
2851,200,49,727937024,8
2852,200,64,727801856,3
2853,200,21,727810048,3
2854,200,19,727810048,4
2855,200,22,727810048,2
2856,200,143,727810048,5
2857,200,49,727810048,8
2858,200,29,727810048,6
2859,200,42,727810048,5
2860,200,27,727810048,2
2861,200,42,727810048,5
2862,200,62,727810048,6
2863,200,22,727928832,7
2864,200,62,727810048,4
2865,200,68,727810048,3
2866,200,163,727810048,4
2867,200,53,727810048,3
2868,200,27,727683072,3
2869,200,53,727683072,9
2870,200,110,727683072,4
2871,200,70,727683072,2
2872,200,35,727683072,2
2873,200,21,727683072,4
2874,200,61,727683072,2
2875,200,25,727556096,5
2876,200,60,727556096,6
2877,200,30,727683072,3
2878,200,25,727683072,2
2879,200,22,727683072,3
2880,200,48,727683072,5
2881,200,146,727810048,8
2882,200,128,727801856,2
2883,200,28,727801856,5
2884,200,42,727810048,5
2885,200,254,727810048,1
2886,200,99,727810048,2
2887,200,59,727937024,4
2888,200,24,727937024,3
2889,200,32,727937024,3
2890,200,55,727937024,3
2891,200,23,727937024,2
2892,200,34,727801856,2
2893,200,134,727810048,5
2894,200,48,727810048,3
2895,200,40,727810048,3
2896,200,164,727810048,7
2897,200,31,727810048,3
2898,200,28,727810048,3
2899,200,63,727810048,5
2900,200,62,727810048,3
2901,200,33,727805952,3
2902,200,45,727805952,3
2903,200,111,727810048,3
2904,200,48,727810048,3
2905,200,19,727937024,8
2906,200,30,727937024,7
2907,200,27,727937024,3
2908,200,23,727937024,2
2909,200,23,727937024,6
2910,200,67,727937024,6
2911,200,35,727810048,32
2912,200,57,727785472,11
2913,200,127,727785472,4
2914,200,23,727785472,8
2915,200,29,727785472,3
2916,200,58,727658496,8
2917,200,32,727523328,25
2918,200,33,727531520,5
2919,200,39,727531520,2
2920,200,49,727531520,4
2921,200,96,727531520,2
2922,200,72,727396352,10
2923,200,51,727429120,9
2924,200,73,727429120,6
2925,200,51,727302144,4
2926,200,30,727556096,8
2927,200,33,727556096,4
2928,200,156,727556096,3
2929,200,23,727556096,5
2930,200,33,727556096,4
2931,200,36,727556096,7
2932,200,35,727556096,6
2933,200,28,727556096,8
2934,200,31,727556096,6
2935,200,32,727556096,5
2936,200,24,727556096,4
2937,200,55,727556096,3
2938,200,29,727556096,2
2939,200,33,727556096,2
2940,200,28,727556096,5
2941,200,27,727556096,6
2942,200,42,727556096,2
2943,200,32,727683072,7
2944,200,36,727683072,2
2945,200,44,727683072,4
2946,200,38,727683072,3
2947,200,32,727683072,4
2948,200,55,727547904,5
2949,200,36,727547904,10
2950,200,46,727568384,9
2951,200,22,727568384,7
2952,200,81,727568384,3
2953,200,21,727568384,1
2954,200,36,727441408,1
2955,200,33,727568384,7
2956,200,18,727568384,4
2957,200,114,727568384,4
2958,200,36,727560192,4
2959,200,46,727568384,2
2960,200,25,727568384,3
2961,200,22,727568384,5
2962,200,34,727568384,4
2963,200,41,727568384,3
2964,200,35,727568384,3
2965,200,231,727568384,3
2966,200,67,727576576,3
2967,200,32,727576576,8
2968,200,24,727572480,5
2969,200,38,727572480,3
2970,200,79,727572480,3
2971,200,24,727572480,4
2972,200,70,727572480,4
2973,200,26,727572480,7
2974,200,77,727572480,3
2975,200,200,727572480,4
2976,200,30,727572480,5
2977,200,25,727572480,6
2978,200,96,727572480,7
2979,200,55,727572480,4
2980,200,224,727572480,3
2981,200,30,727572480,4
2982,200,23,727572480,2
2983,200,41,727580672,2
2984,200,57,727580672,4
2985,200,39,727572480,11
2986,200,32,727572480,6
2987,200,79,727572480,8
2988,200,23,727564288,6
2989,200,26,727572480,3
2990,200,47,727572480,4
2991,200,43,727572480,10
2992,200,39,727572480,4
2993,200,23,727572480,3
2994,200,38,727572480,4
2995,200,48,727572480,3
2996,200,26,727572480,3
2997,200,68,727572480,9
2998,200,417,727572480,2
2999,200,29,727445504,4
