Count,Time,ResponseCode,Duration,Mem,Cpu
0,1425005184924,200,401,25646080,1
1,1425005186337,200,158,25752576,1
2,1425005187500,200,156,25830400,1
3,1425005188661,200,181,25916416,1
4,1425005189865,200,175,25715712,0
5,1425005191046,200,152,25773056,1
6,1425005192201,200,164,25863168,0
7,1425005193369,200,167,26211328,0
8,1425005194540,200,184,26022912,3
9,1425005195728,200,155,25744384,1
10,1425005196887,200,170,25805824,0
11,1425005198061,200,156,25916416,0
12,1425005199223,200,183,25764864,0
13,1425005200410,200,317,25838592,0
14,1425005201731,200,184,25949184,0
15,1425005202919,200,168,26027008,19
16,1425005204091,200,155,25926656,1
17,1425005205250,200,177,26041344,2
18,1425005206431,200,166,25848832,0
19,1425005207602,200,153,25910272,1
20,1425005208760,200,169,25988096,1
21,1425005209933,200,160,26070016,3
22,1425005211097,200,158,25852928,1
23,1425005212258,200,182,25918464,1
24,1425005213444,200,222,25992192,1
25,1425005214670,200,195,26074112,3
26,1425005215869,200,155,25857024,0
27,1425005217028,200,180,25918464,0
28,1425005218211,200,163,25996288,0
29,1425005219378,200,217,26074112,3
30,1425005220599,200,155,25852928,1
31,1425005221759,200,165,25918464,1
32,1425005222928,200,156,25996288,1
33,1425005224088,200,175,26078208,2
34,1425005225267,200,200,25865216,1
35,1425005226472,200,180,25926656,0
36,1425005227659,200,156,26033152,0
37,1425005228822,200,164,25885696,0
38,1425005229990,200,234,25943040,14
39,1425005231228,200,162,26065920,0
40,1425005232394,200,156,26143744,1
41,1425005233575,200,239,25897984,17
42,1425005234818,200,165,26201088,2
43,1425005236005,200,158,26024960,1
44,1425005237167,200,160,25979904,1
45,1425005238331,200,180,26065920,0
46,1425005239515,200,158,26143744,1
47,1425005240682,200,170,25959424,0
48,1425005241856,200,187,25996288,1
49,1425005243047,200,152,26057728,0
50,1425005244203,200,176,26127360,0
51,1425005245404,200,165,25922560,0
52,1425005246573,200,166,25971712,0
53,1425005247742,200,160,26045440,0
54,1425005248907,200,200,26115072,1
55,1425005250114,200,191,25914368,1
56,1425005251308,200,161,25959424,1
57,1425005252472,200,155,26037248,1
58,1425005253631,200,171,26119168,0
59,1425005254811,200,171,25918464,0
60,1425005255986,200,169,25979904,1
61,1425005257159,200,303,26045440,1
62,1425005258465,200,153,26147840,1
63,1425005259622,200,166,25959424,14
64,1425005260805,200,220,26061824,1
65,1425005262029,200,161,26147840,0
66,1425005263195,200,155,26225664,18
67,1425005264376,200,291,26217472,1
68,1425005265672,200,163,26287104,3
69,1425005266839,200,167,25967616,1
70,1425005268011,200,161,26016768,0
71,1425005269176,200,164,26094592,1
72,1425005270344,200,164,26176512,2
73,1425005271526,200,154,25984000,0
74,1425005272683,200,235,26033152,0
75,1425005273922,200,177,26106880,1
76,1425005275103,200,172,26184704,3
77,1425005276278,200,186,25975808,1
78,1425005277467,200,158,26033152,1
79,1425005278630,200,160,26110976,0
80,1425005279794,200,158,26188800,0
81,1425005280977,200,155,25984000,0
82,1425005282136,200,165,26041344,0
83,1425005283305,200,156,26115072,1
84,1425005284466,200,159,26188800,2
85,1425005285629,200,171,25963520,0
86,1425005286804,200,198,26033152,0
87,1425005288007,200,177,26123264,0
88,1425005289190,200,170,25984000,0
89,1425005290364,200,291,26041344,0
90,1425005291659,200,149,26151936,0
91,1425005292811,200,161,26233856,17
92,1425005293976,200,189,26102784,2
93,1425005295168,200,158,26168320,3
94,1425005296330,200,155,25971712,0
95,1425005297488,200,157,26033152,1
96,1425005298649,200,156,26110976,1
97,1425005299808,200,178,26196992,3
98,1425005300990,200,152,25988096,0
99,1425005302146,200,233,26049536,0
100,1425005303383,200,157,26127360,1
101,1425005304544,200,168,26205184,2
102,1425005305717,200,403,25988096,0
103,1425005307126,200,240,26053632,1
104,1425005308370,200,164,26131456,1
105,1425005309538,200,160,26209280,3
106,1425005310702,200,156,25988096,1
107,1425005311862,200,223,26049536,1
108,1425005313089,200,158,26127360,1
109,1425005314250,200,169,26213376,2
110,1425005315423,200,161,26000384,0
111,1425005316588,200,213,26061824,0
112,1425005317805,200,161,26164224,0
113,1425005318974,200,171,26012672,0
114,1425005320153,200,157,26070016,14
115,1425005321314,200,164,26196992,1
116,1425005322482,200,158,26278912,1
117,1425005323652,200,407,26262528,0
118,1425005325062,200,213,26340352,2
119,1425005326295,200,167,26041344,0
120,1425005327473,200,386,26094592,0
121,1425005328863,200,227,26188800,0
122,1425005330094,200,191,26291200,1
123,1425005331308,200,154,26364928,0
124,1425005332466,200,236,26364928,0
125,1425005333707,200,184,26364928,1
126,1425005334894,200,161,26364928,3
127,1425005336059,200,173,26102784,0
128,1425005337236,200,160,26156032,1
129,1425005338400,200,184,26217472,0
130,1425005339587,200,171,26291200,0
131,1425005340762,200,169,26169344,0
132,1425005341935,200,155,26218496,0
133,1425005343095,200,167,26292224,1
134,1425005344266,200,176,26370048,2
135,1425005345469,200,169,26158080,1
136,1425005346641,200,162,26207232,0
137,1425005347807,200,149,26301440,1
138,1425005348960,200,194,26145792,0
139,1425005350158,200,150,26194944,14
140,1425005351312,200,155,26309632,1
141,1425005352471,200,221,26395648,0
142,1425005353696,200,285,26174464,1
143,1425005354985,200,206,26442752,0
144,1425005356207,200,160,26132480,1
145,1425005357371,200,169,26181632,1
146,1425005358544,200,154,26247168,0
147,1425005359701,200,153,26324992,2
148,1425005360875,200,164,26120192,0
149,1425005362045,200,155,26169344,1
150,1425005363204,200,168,26243072,1
151,1425005364375,200,159,26316800,1
152,1425005365544,200,167,26083328,1
153,1425005366715,200,154,26136576,1
154,1425005367873,200,159,26214400,0
155,1425005369035,200,150,26288128,0
156,1425005370194,200,159,26079232,0
157,1425005371356,200,152,26136576,1
158,1425005372512,200,170,26210304,0
159,1425005373687,200,160,26288128,1
160,1425005374856,200,160,26095616,1
161,1425005376020,200,155,26148864,1
162,1425005377179,200,284,26218496,1
163,1425005378467,200,168,26320896,1
164,1425005379638,200,161,26132480,14
165,1425005380814,200,207,26243072,0
166,1425005382025,200,163,26316800,0
167,1425005383191,200,155,26398720,17
168,1425005384376,200,198,26406912,0
169,1425005385578,200,157,26480640,3
170,1425005386739,200,202,26161152,0
171,1425005387946,200,160,26230784,1
172,1425005389109,200,181,26316800,1
173,1425005390294,200,161,26394624,3
174,1425005391459,200,163,26173440,0
175,1425005392627,200,152,26226688,1
176,1425005393783,200,150,26288128,1
177,1425005394937,200,172,26365952,3
178,1425005396112,200,155,26144768,1
179,1425005397271,200,155,26202112,0
180,1425005398429,200,175,26271744,0
181,1425005399607,200,161,26349568,3
182,1425005400772,200,167,26144768,1
183,1425005401943,200,160,26198016,0
184,1425005403106,200,190,26267648,0
185,1425005404300,200,191,26345472,2
186,1425005405495,200,175,26140672,0
187,1425005406674,200,187,26198016,0
188,1425005407865,200,169,26296320,0
189,1425005409054,200,179,26161152,2
190,1425005410237,200,161,26218496,5
191,1425005411402,200,264,26333184,0
192,1425005412669,200,418,26411008,15
193,1425005414090,200,176,26189824,3
194,1425005415270,200,166,26365952,1
195,1425005416440,200,171,26435584,2
196,1425005417615,200,152,26185728,1
197,1425005418771,200,156,26243072,1
198,1425005419930,200,188,26312704,1
199,1425005421122,200,168,26390528,3
200,1425005422294,200,163,26169344,0
201,1425005423461,200,198,26230784,1
202,1425005424662,200,161,26300416,0
203,1425005425826,200,160,26398720,3
204,1425005426990,200,154,26173440,1
205,1425005428148,200,159,26238976,1
206,1425005429311,200,165,26308608,0
207,1425005430480,200,164,26390528,2
208,1425005431648,200,165,26173440,0
209,1425005432818,200,160,26234880,1
210,1425005433982,200,178,26308608,1
211,1425005435164,200,151,26386432,3
212,1425005436319,200,158,26177536,0
213,1425005437483,200,161,26267648,0
214,1425005438648,200,157,26345472,0
215,1425005439814,200,400,26198016,14
216,1425005441220,200,850,26320896,1
217,1425005443074,200,167,26398720,17
218,1425005444245,200,162,26284032,0
219,1425005445410,200,226,26345472,1
220,1425005446640,200,160,26427392,2
221,1425005447804,200,152,26202112,1
222,1425005448960,200,182,26263552,0
223,1425005450146,200,206,26333184,0
224,1425005451358,200,170,26411008,3
225,1425005452532,200,165,26202112,1
226,1425005453701,200,209,26263552,0
227,1425005454913,200,226,26341376,0
228,1425005456147,200,1004,26415104,3
229,1425005458154,200,158,26210304,0
230,1425005459316,200,248,26271744,0
231,1425005460568,200,174,26345472,0
232,1425005461747,200,159,26435584,2
233,1425005462910,200,151,26210304,1
234,1425005464064,200,197,26275840,1
235,1425005465265,200,151,26353664,0
236,1425005466420,200,171,26427392,0
237,1425005467598,200,152,26243072,0
238,1425005468754,200,190,26304512,0
239,1425005469949,200,159,26382336,15
240,1425005471115,200,164,26259456,0
241,1425005472282,200,169,26324992,0
242,1425005473455,200,156,26398720,18
243,1425005474614,200,168,26361856,0
244,1425005475785,200,161,26423296,0
245,1425005476950,200,174,26497024,0
246,1425005478128,200,188,26230784,0
247,1425005479320,200,170,26284032,1
248,1425005480494,200,155,26357760,2
249,1425005481658,200,166,26431488,2
250,1425005482846,200,159,26243072,1
251,1425005484008,200,272,26300416,1
252,1425005485283,200,194,26374144,1
253,1425005486481,200,178,26447872,0
254,1425005487684,200,164,26247168,1
255,1425005488852,200,166,26300416,0
256,1425005490022,200,168,26378240,0
257,1425005491196,200,161,26443776,1
258,1425005492386,200,226,26247168,0
259,1425005493617,200,177,26304512,1
260,1425005494797,200,195,26374144,0
261,1425005495997,200,157,26451968,1
262,1425005497158,200,342,26230784,1
263,1425005498504,200,160,26312704,0
264,1425005499667,200,152,26382336,12
265,1425005500835,200,344,26275840,1
266,1425005502183,200,158,26353664,0
267,1425005503346,200,157,26423296,18
268,1425005504507,200,199,26345472,1
269,1425005505711,200,167,26419200,1
270,1425005506882,200,793,26505216,1
271,1425005508678,200,9694,26603520,1
272,1425005519377,200,2063,26333184,1
273,1425005522444,200,1846,26382336,1
274,1425005525294,200,265,26456064,1
275,1425005526563,200,334,26529792,0
276,1425005527901,200,226,26324992,0
277,1425005529131,200,165,26402816,0
278,1425005530310,200,226,26476544,5
279,1425005531540,200,878,26353664,0
280,1425005533429,200,1236,26509312,1
281,1425005535669,200,164,26316800,1
282,1425005536836,200,177,26398720,0
283,1425005538017,200,2257,26501120,0
284,1425005541283,200,641,26353664,0
285,1425005542928,200,551,26398720,0
286,1425005544483,200,510,26447872,0
287,1425005545998,200,162,26525696,1
288,1425005547184,200,422,26324992,1
289,1425005548617,200,316,26365952,0
290,1425005549937,200,158,26447872,1
291,1425005551098,200,159,26521600,0
292,1425005552281,200,164,26316800,1
293,1425005553449,200,161,26365952,1
294,1425005554613,200,186,26431488,1
295,1425005555803,200,163,26501120,0
296,1425005556984,200,228,26304512,0
297,1425005558217,200,164,26374144,0
298,1425005559385,200,159,26443776,0
299,1425005560548,200,329,26537984,1
300,1425005561896,200,153,26357760,0
301,1425005563053,200,159,26406912,18
302,1425005564217,200,182,26402816,1
303,1425005565403,200,158,26464256,0
304,1425005566565,200,152,26542080,0
305,1425005567722,200,159,26624000,1
306,1425005568905,200,173,26320896,0
307,1425005570082,200,173,26378240,1
308,1425005571259,200,168,26447872,1
309,1425005572432,200,170,26517504,0
310,1425005573614,200,187,26312704,0
311,1425005574808,200,159,26365952,0
312,1425005575971,200,162,26439680,0
313,1425005577137,200,192,26517504,0
314,1425005578344,200,171,26304512,1
315,1425005579519,200,159,26361856,1
316,1425005580682,200,173,26468352,1
317,1425005581858,200,182,26546176,2
318,1425005583065,200,303,26324992,1
319,1425005584372,200,153,26386432,1
320,1425005585529,200,161,26464256,1
321,1425005586699,200,166,26537984,4
322,1425005587870,200,169,26365952,0
323,1425005589042,200,165,26431488,1
324,1425005590211,200,195,26509312,14
325,1425005591414,200,163,26370048,1
326,1425005592581,200,156,26415104,1
327,1425005593740,200,212,26488832,0
328,1425005594956,200,163,26693632,5
329,1425005596123,200,161,26411008,1
330,1425005597288,200,153,26476544,1
331,1425005598444,200,159,26550272,1
332,1425005599614,200,158,26345472,0
333,1425005600776,200,160,26443776,0
334,1425005601940,200,162,26517504,0
335,1425005603106,200,157,26599424,3
336,1425005604267,200,163,26365952,1
337,1425005605434,200,163,26431488,1
338,1425005606600,200,161,26509312,0
339,1425005607765,200,167,26583040,1
340,1425005608955,200,174,26378240,1
341,1425005610133,200,154,26439680,1
342,1425005611291,200,173,26517504,1
343,1425005612468,200,163,26591232,3
344,1425005613635,200,177,26365952,0
345,1425005614815,200,165,26427392,0
346,1425005615984,200,162,26505216,0
347,1425005617149,200,314,26583040,1
348,1425005618467,200,157,26394624,0
349,1425005619628,200,148,26456064,13
350,1425005620780,200,232,26578944,1
351,1425005622016,200,177,26415104,1
352,1425005623202,200,158,26472448,17
353,1425005624364,200,202,26423296,0
354,1425005625569,200,158,26488832,1
355,1425005626731,200,191,26566656,0
356,1425005627944,200,158,26382336,0
357,1425005629107,200,156,26439680,1
358,1425005630267,200,174,26513408,2
359,1425005631445,200,151,26591232,1
360,1425005632624,200,171,26394624,0
361,1425005633798,200,233,26451968,0
362,1425005635035,200,154,26525696,0
363,1425005636193,200,166,26603520,1
364,1425005637363,200,179,26374144,0
365,1425005638547,200,166,26431488,1
366,1425005639717,200,151,26505216,0
367,1425005640873,200,165,26583040,1
368,1425005642061,200,262,26382336,1
369,1425005643327,200,158,26439680,1
370,1425005644489,200,196,26513408,0
371,1425005645688,200,178,26591232,1
372,1425005646894,200,160,26382336,0
373,1425005648058,200,171,26472448,0
374,1425005649234,200,200,26546176,0
375,1425005650445,200,353,26632192,1
376,1425005651802,200,158,26484736,0
377,1425005652963,200,1041,26554368,4
378,1425005655007,200,157,26501120,0
379,1425005656168,200,151,26566656,1
380,1425005657322,200,175,26648576,3
381,1425005658501,200,147,26431488,1
382,1425005659651,200,185,26492928,1
383,1425005660840,200,174,26570752,1
384,1425005662018,200,170,26644480,2
385,1425005663191,200,185,26423296,1
386,1425005664380,200,948,26480640,0
387,1425005666335,200,165,26558464,0
388,1425005667504,200,180,26636288,3
389,1425005668688,200,168,26423296,1
390,1425005669859,200,173,26484736,0
391,1425005671036,200,152,26566656,1
392,1425005672191,200,176,26648576,3
393,1425005673371,200,167,26431488,1
394,1425005674541,200,180,26492928,0
395,1425005675725,200,152,26574848,1
396,1425005676881,200,191,26652672,0
397,1425005678076,200,171,26460160,0
398,1425005679251,200,166,26525696,1
399,1425005680421,200,316,26599424,1
400,1425005681757,200,152,26484736,0
401,1425005682912,200,158,26542080,17
402,1425005684074,200,155,26509312,1
403,1425005685232,200,167,26607616,0
404,1425005686403,200,169,26685440,0
405,1425005687575,200,164,26763264,3
406,1425005688742,200,165,26472448,1
407,1425005689911,200,158,26533888,1
408,1425005691073,200,396,26603520,1
409,1425005692472,200,160,26681344,2
410,1425005693636,200,177,26456064,0
411,1425005694817,200,152,26517504,0
412,1425005695973,200,238,26591232,1
413,1425005697214,200,186,26669056,3
414,1425005698403,200,159,26456064,0
415,1425005699565,200,420,26517504,1
416,1425005700989,200,163,26591232,0
417,1425005702155,200,153,26669056,3
418,1425005703312,200,178,26460160,0
419,1425005704493,200,202,26517504,1
420,1425005705699,200,183,26595328,0
421,1425005706886,200,163,26677248,0
422,1425005708057,200,200,26484736,0
423,1425005709260,200,319,26550272,13
424,1425005710583,200,381,26681344,3
425,1425005711968,200,1000,26517504,12
426,1425005713973,200,706,26697728,4
427,1425005715683,200,1226,26537984,0
428,1425005717912,200,1972,26636288,1
429,1425005720887,200,13795,26726400,0
430,1425005735708,200,429,26529792,1
431,1425005737141,200,705,26591232,0
432,1425005738850,200,190,26677248,0
433,1425005740044,200,947,26533888,0
434,1425005742000,200,917,26587136,12
435,1425005743921,200,1731,26796032,0
436,1425005746667,200,1729,26488832,2
437,1425005749400,200,615,26619904,1
438,1425005751019,200,1024,26693632,1
439,1425005753066,200,1135,26513408,0
440,1425005755205,200,1558,26574848,1
441,1425005757770,200,2686,26644480,0
442,1425005761460,200,1583,26722304,3
443,1425005764047,200,6262,26521600,13
444,1425005771313,200,2213,26640384,14
445,1425005774537,200,905,26501120,0
446,1425005776453,200,983,26558464,1
447,1425005778440,200,1417,26673152,3
448,1425005780861,200,1027,26542080,1
449,1425005782892,200,1265,26611712,0
450,1425005785161,200,1179,26689536,0
451,1425005787364,200,2290,26497024,0
452,1425005790657,200,2338,26554368,1
453,1425005793999,200,907,26628096,1
454,1425005795910,200,900,26701824,0
455,1425005797814,200,1153,26533888,0
456,1425005799971,200,1819,26636288,0
457,1425005802794,200,1462,26824704,1
458,1425005805264,200,858,26509312,0
459,1425005807126,200,1135,26562560,0
460,1425005809265,200,1327,26726400,2
461,1425005811618,200,1343,26546176,0
462,1425005813965,200,1106,26652672,1
463,1425005816078,200,765,26726400,1
464,1425005817852,200,329,26525696,1
465,1425005819184,200,1364,26583040,1
466,1425005821558,200,993,26656768,0
467,1425005823555,200,1142,26746880,0
468,1425005825720,200,985,26525696,0
469,1425005827710,200,155,26603520,0
470,1425005828868,200,160,26677248,0
471,1425005830032,200,165,26755072,15
472,1425005831201,200,162,26595328,2
473,1425005832367,200,210,26660864,1
474,1425005833581,200,243,26734592,4
475,1425005834828,200,171,26644480,1
476,1425005836003,200,159,26714112,0
477,1425005837166,200,150,26791936,3
478,1425005838320,200,160,26566656,1
479,1425005839484,200,181,26628096,1
480,1425005840673,200,519,26705920,0
481,1425005842195,200,642,26783744,3
482,1425005843841,200,559,26562560,1
483,1425005845403,200,605,26624000,1
484,1425005847012,200,486,26701824,1
485,1425005848502,200,569,26779648,1
486,1425005850078,200,1329,26615808,1
487,1425005852411,200,1179,26677248,1
488,1425005854593,200,863,26755072,1
489,1425005856464,200,409,26836992,0
490,1425005857878,200,1429,26595328,0
491,1425005860313,200,352,26660864,0
492,1425005861668,200,165,26771456,1
493,1425005862839,200,162,26624000,15
494,1425005864005,200,186,26914816,3
495,1425005865197,200,175,26615808,0
496,1425005866376,200,151,26669056,0
497,1425005867530,200,162,26746880,0
498,1425005868695,200,151,26820608,3
499,1425005869850,200,177,26599424,1
500,1425005871031,200,187,26656768,1
501,1425005872222,200,187,26730496,1
502,1425005873412,200,171,26808320,3
503,1425005874587,200,204,26595328,1
504,1425005875795,200,164,26656768,0
505,1425005876963,200,177,26730496,1
506,1425005878144,200,185,26804224,2
507,1425005879333,200,188,26583040,1
508,1425005880524,200,188,26644480,0
509,1425005881716,200,151,26722304,1
510,1425005882871,200,176,26800128,3
511,1425005884050,200,387,26587136,1
512,1425005885440,200,189,26664960,0
513,1425005886632,200,165,26742784,0
514,1425005887816,200,152,26603520,0
515,1425005888972,200,162,26660864,0
516,1425005890138,200,194,26730496,6
517,1425005891336,200,428,26861568,1
518,1425005892780,200,426,26648576,17
519,1425005894210,200,932,26918912,0
520,1425005896151,200,264,26652672,1
521,1425005897418,200,169,26689536,1
522,1425005898591,200,169,26755072,0
523,1425005899764,200,163,26931200,0
524,1425005900955,200,155,26693632,0
525,1425005902114,200,197,26755072,1
526,1425005903315,200,158,26820608,0
527,1425005904477,200,148,26894336,1
528,1425005905629,200,191,26677248,0
529,1425005906824,200,155,26734592,1
530,1425005907986,200,165,26804224,1
531,1425005909155,200,157,26882048,0
532,1425005910324,200,160,26681344,1
533,1425005911488,200,149,26734592,0
534,1425005912641,200,166,26804224,1
535,1425005913810,200,170,26882048,0
536,1425005914992,200,164,26697728,1
537,1425005916160,200,169,26746880,1
538,1425005917332,200,216,25970688,0
539,1425005918552,200,157,26918912,1
540,1425005919713,200,168,26730496,15
541,1425005920889,200,163,26820608,0
542,1425005922056,200,172,26894336,0
543,1425005923232,200,194,26710016,14
544,1425005924430,200,169,27004928,0
545,1425005925630,200,157,26714112,1
546,1425005926791,200,195,26775552,0
547,1425005927990,200,163,26849280,0
548,1425005929162,200,171,26927104,2
549,1425005930336,200,162,26705920,0
550,1425005931502,200,167,26763264,1
551,1425005932679,200,160,26841088,1
552,1425005933843,200,157,26918912,3
553,1425005935004,200,178,26697728,0
554,1425005936185,200,155,26759168,1
555,1425005937344,200,155,26836992,1
556,1425005938503,200,152,26918912,2
557,1425005939659,200,160,26705920,0
558,1425005940823,200,164,26767360,1
559,1425005941991,200,162,26845184,1
560,1425005943157,200,173,26927104,2
561,1425005944334,200,273,26710016,1
562,1425005945611,200,192,26775552,1
563,1425005946812,200,161,26845184,0
564,1425005947981,200,191,26718208,0
565,1425005949176,200,178,26775552,1
566,1425005950358,200,316,26849280,0
567,1425005951678,200,164,26968064,1
568,1425005952866,200,159,26767360,15
569,1425005954028,200,187,26935296,0
570,1425005955218,200,205,27009024,5
571,1425005956427,200,153,26796032,1
572,1425005957583,200,160,26861568,0
573,1425005958747,200,154,26939392,1
574,1425005959905,200,153,26718208,0
575,1425005961062,200,168,26779648,1
576,1425005962233,200,160,26857472,0
577,1425005963396,200,151,26935296,3
578,1425005964551,200,156,26718208,1
579,1425005965711,200,163,26779648,1
580,1425005966878,200,157,26857472,0
581,1425005968038,200,236,26935296,3
582,1425005969278,200,157,26714112,1
583,1425005970438,200,164,26775552,0
584,1425005971605,200,175,26853376,1
585,1425005972783,200,404,26931200,3
586,1425005974191,200,168,26722304,0
587,1425005975363,200,176,26783744,1
588,1425005976543,200,163,26861568,0
589,1425005977714,200,180,26738688,0
590,1425005978898,200,209,26796032,1
591,1425005980111,200,219,26865664,14
592,1425005981333,200,198,26996736,1
593,1425005982556,200,214,26783744,1
594,1425005983774,200,187,26861568,1
595,1425005984965,200,170,27095040,1
596,1425005986156,200,327,26767360,2
597,1425005987487,200,179,26910720,1
598,1425005988670,200,152,26988544,2
599,1425005989825,200,155,26746880,1
600,1425005990984,200,153,26812416,1
601,1425005992140,200,167,26890240,0
602,1425005993310,200,261,26968064,2
603,1425005994575,200,152,26750976,0
604,1425005995731,200,277,26816512,0
605,1425005997012,200,165,26894336,1
606,1425005998181,200,156,26972160,3
607,1425005999341,200,243,26750976,1
608,1425006000588,200,160,26816512,1
609,1425006001751,200,158,26894336,1
610,1425006002913,200,163,26972160,3
611,1425006004081,200,161,26750976,0
612,1425006005245,200,795,26816512,1
613,1425006007044,200,547,26918912,0
614,1425006008615,200,192,26736640,0
615,1425006009811,200,234,26781696,14
616,1425006011049,200,157,26904576,1
617,1425006012214,200,181,26986496,3
618,1425006013399,200,201,26810368,16
619,1425006014604,200,176,26871808,0
620,1425006015784,200,154,26814464,0
621,1425006016942,200,160,26884096,0
622,1425006018107,200,163,26961920,2
623,1425006019295,200,163,26761216,0
624,1425006020462,200,168,26814464,0
625,1425006021636,200,207,26892288,0
626,1425006022846,200,180,26970112,1
627,1425006024034,200,185,26753024,1
628,1425006025223,200,180,26810368,1
629,1425006026407,200,152,26880000,1
630,1425006027562,200,156,26957824,1
631,1425006028747,200,164,26793984,1
632,1425006029916,200,154,26851328,1
633,1425006031074,200,162,26920960,0
634,1425006032239,200,159,26998784,0
635,1425006033401,200,209,26761216,0
636,1425006034614,200,164,26814464,1
637,1425006035782,200,165,26888192,1
638,1425006036950,200,184,26966016,0
639,1425006038139,200,161,26802176,0
640,1425006039304,200,179,26867712,1
641,1425006040487,200,307,26941440,1
642,1425006041798,200,156,26822656,0
643,1425006042967,200,153,26875904,15
644,1425006044123,200,161,27121664,4
645,1425006045288,200,195,26871808,1
646,1425006046487,200,176,26941440,0
647,1425006047667,200,207,26773504,0
648,1425006048878,200,9426,26826752,1
649,1425006059308,200,568,26916864,1
650,1425006060880,200,166,26994688,1
651,1425006062066,200,154,26810368,1
652,1425006063224,200,164,26871808,1
653,1425006064392,200,200,26949632,0
654,1425006065596,200,182,27027456,2
655,1425006066782,200,171,26802176,0
656,1425006067961,200,193,26888192,0
657,1425006069157,200,160,26966016,1
658,1425006070351,200,284,26834944,0
659,1425006071639,200,148,26933248,0
660,1425006072791,200,173,27002880,14
661,1425006073968,200,182,27203584,3
662,1425006075177,200,162,26949632,0
663,1425006076343,200,166,27023360,3
664,1425006077513,200,155,26818560,0
665,1425006078672,200,164,26884096,0
666,1425006079839,200,172,26957824,0
667,1425006081015,200,161,27035648,3
668,1425006082180,200,152,26818560,0
669,1425006083336,200,151,26884096,0
670,1425006084496,200,170,26961920,1
671,1425006085670,200,155,27035648,3
672,1425006086829,200,147,26818560,1
673,1425006087979,200,197,26884096,1
674,1425006089180,200,156,26961920,1
675,1425006090340,200,172,27035648,2
676,1425006091516,200,153,26814464,1
677,1425006092673,200,232,26880000,1
678,1425006093908,200,415,26957824,0
679,1425006095326,200,165,27031552,2
680,1425006096495,200,162,26818560,0
681,1425006097661,200,194,26908672,0
682,1425006098859,200,156,26982400,1
683,1425006100045,200,155,26839040,13
684,1425006101204,200,158,26933248,0
685,1425006102367,200,161,27011072,0
686,1425006103532,200,161,27088896,19
687,1425006104697,200,160,26961920,0
688,1425006105860,200,170,27031552,3
689,1425006107034,200,155,26834944,0
690,1425006108193,200,153,26900480,0
691,1425006109349,200,170,26974208,1
692,1425006110522,200,162,27052032,3
693,1425006111688,200,161,26834944,1
694,1425006112852,200,192,26900480,0
695,1425006114048,200,199,26978304,1
696,1425006115251,200,161,27052032,1
697,1425006116436,200,163,26847232,0
698,1425006117602,200,159,26908672,0
699,1425006118765,200,153,26982400,1
700,1425006119922,200,214,27060224,3
701,1425006121140,200,171,26839040,1
702,1425006122315,200,151,26896384,1
703,1425006123470,200,219,26970112,1
704,1425006124693,200,183,27047936,3
705,1425006125880,200,189,26834944,1
706,1425006127073,200,311,26900480,0
707,1425006128388,200,185,27002880,0
708,1425006129584,200,190,26847232,13
709,1425006130793,200,212,26925056,0
710,1425006132010,200,188,27002880,1
711,1425006133202,200,194,27080704,17
712,1425006134400,200,257,27092992,0
713,1425006135660,200,316,26925056,0
714,1425006136979,200,166,26904576,1
715,1425006138149,200,242,26982400,0
716,1425006139395,200,164,27060224,3
717,1425006140563,200,196,26859520,1
718,1425006141763,200,440,26912768,0
719,1425006143212,200,193,27002880,1
720,1425006144409,200,195,27080704,2
721,1425006145608,200,175,26855424,1
722,1425006146787,200,277,26912768,1
723,1425006148068,200,207,26982400,0
724,1425006149279,200,178,27060224,3
725,1425006150461,200,172,26851328,0
726,1425006151637,200,151,26904576,0
727,1425006152792,200,180,26982400,0
728,1425006153976,200,186,27060224,1
729,1425006155167,200,160,26847232,1
730,1425006156330,200,244,26904576,0
731,1425006157583,200,352,27006976,1
732,1425006158955,200,454,26863616,1
733,1425006160413,200,421,26925056,0
734,1425006161838,200,170,27019264,0
735,1425006163012,200,173,27092992,27
736,1425006164206,200,172,26953728,2
737,1425006165382,200,659,27064320,1
738,1425006167046,200,181,27146240,1
739,1425006168231,200,177,27219968,3
740,1425006169411,200,163,26978304,1
741,1425006170578,200,168,27015168,1
742,1425006171750,200,169,27092992,1
743,1425006172923,200,154,27158528,2
744,1425006174098,200,171,26961920,1
745,1425006175273,200,174,26998784,1
746,1425006176451,200,190,27068416,1
747,1425006177645,200,186,27138048,1
748,1425006178855,200,166,26949632,1
749,1425006180024,200,508,26986496,0
750,1425006181536,200,189,27047936,1
751,1425006182729,200,181,27125760,1
752,1425006183913,200,200,26937344,0
753,1425006185117,200,159,26970112,1
754,1425006186280,200,164,27031552,0
755,1425006187453,200,355,27129856,1
756,1425006188827,200,166,26986496,0
757,1425006189999,200,175,27027456,14
758,1425006191178,200,189,27125760,1
759,1425006192371,200,161,27199488,0
760,1425006193554,200,292,26974208,15
761,1425006194849,200,189,27256832,1
762,1425006196042,200,168,27330560,3
763,1425006197214,200,154,26970112,1
764,1425006198372,200,171,27019264,1
765,1425006199547,200,164,27084800,1
766,1425006200714,200,200,27162624,2
767,1425006201936,200,164,26966016,1
768,1425006203104,200,171,27019264,0
769,1425006204279,200,176,27092992,1
770,1425006205459,200,166,27158528,3
771,1425006206629,200,193,26941440,0
772,1425006207825,200,152,27002880,1
773,1425006208981,200,161,27072512,0
774,1425006210145,200,159,27146240,3
775,1425006211307,200,168,26937344,1
776,1425006212479,200,166,26994688,1
777,1425006213649,200,193,27064320,0
778,1425006214847,200,162,27142144,2
779,1425006216013,200,156,26941440,0
780,1425006217175,200,303,26994688,1
781,1425006218482,200,168,27097088,0
782,1425006219654,200,159,27170816,17
783,1425006220822,200,199,26994688,0
784,1425006222025,200,311,27056128,0
785,1425006223344,200,181,27125760,19
786,1425006224528,200,172,27031552,1
787,1425006225704,200,161,27088896,0
788,1425006226869,200,176,27162624,3
789,1425006228049,200,193,26933248,0
790,1425006229245,200,237,26994688,0
791,1425006230487,200,155,27068416,0
792,1425006231646,200,167,27138048,1
793,1425006232836,200,167,26941440,1
794,1425006234006,200,167,27002880,1
795,1425006235176,200,165,27076608,1
796,1425006236345,200,190,27154432,3
797,1425006237539,200,189,26925056,1
798,1425006238731,200,292,26986496,0
799,1425006240037,200,182,27064320,1
800,1425006241222,200,186,27138048,3
801,1425006242412,200,178,26929152,1
802,1425006243593,200,209,26990592,0
803,1425006244805,200,167,27064320,0
804,1425006245976,200,183,27142144,2
805,1425006247162,200,351,26929152,1
806,1425006248521,200,158,27015168,0
807,1425006249683,200,304,27088896,16
808,1425006250991,200,164,26953728,0
809,1425006252159,200,186,27019264,0
810,1425006253348,200,267,27092992,18
811,1425006254619,200,179,27006976,1
812,1425006255801,200,176,27072512,0
813,1425006256981,200,188,27150336,2
814,1425006258173,200,176,26933248,0
815,1425006259353,200,161,26994688,0
816,1425006260517,200,200,27068416,1
817,1425006261721,200,191,27146240,1
818,1425006262936,200,182,26937344,1
819,1425006264123,200,182,26998784,0
820,1425006265309,200,164,27076608,1
821,1425006266477,200,161,27154432,3
822,1425006267642,200,162,26933248,0
823,1425006268808,200,181,26998784,1
824,1425006269993,200,170,27072512,0
825,1425006271167,200,161,27146240,3
826,1425006272332,200,154,26933248,0
827,1425006273490,200,180,26994688,0
828,1425006274674,200,166,27068416,0
829,1425006275844,200,195,27146240,3
830,1425006277043,200,292,26933248,0
831,1425006278339,200,159,27019264,0
832,1425006279502,200,214,27092992,14
833,1425006280728,200,260,26681344,0
834,1425006281993,200,177,26998784,0
835,1425006283174,200,190,27072512,18
836,1425006284369,200,183,27011072,0
837,1425006285556,200,971,27076608,1
838,1425006287530,200,176,27154432,4
839,1425006288710,200,166,26933248,1
840,1425006289879,200,181,26994688,0
841,1425006291064,200,157,27076608,0
842,1425006292225,200,161,27150336,1
843,1425006293406,200,162,26945536,0
844,1425006294572,200,154,27011072,1
845,1425006295729,200,166,27084800,1
846,1425006296898,200,192,27162624,1
847,1425006298095,200,167,26925056,0
848,1425006299266,200,156,26970112,0
849,1425006300425,200,150,27047936,1
850,1425006301579,200,155,27121664,1
851,1425006302738,200,186,26925056,1
852,1425006303928,200,159,26970112,0
853,1425006305091,200,162,27047936,0
854,1425006306257,200,219,27125760,0
855,1425006307483,200,200,26970112,0
856,1425006308687,200,161,27031552,0
857,1425006309852,200,198,27109376,13
858,1425006311058,200,165,27211776,2
859,1425006312236,200,157,26974208,1
860,1425006313397,200,151,27039744,16
861,1425006314564,200,178,26966016,0
862,1425006315749,200,162,26998784,0
863,1425006316915,200,165,27064320,1
864,1425006318084,200,177,27138048,1
865,1425006319264,200,200,26945536,1
866,1425006320468,200,317,26982400,1
867,1425006321788,200,185,27060224,1
868,1425006322976,200,159,27138048,1
869,1425006324142,200,179,26949632,1
870,1425006325325,200,154,26986496,1
871,1425006326483,200,169,27060224,0
872,1425006327656,200,191,27133952,0
873,1425006328851,200,205,26941440,0
874,1425006330060,200,197,26978304,0
875,1425006331260,200,163,27056128,0
876,1425006332427,200,175,27133952,0
877,1425006333605,200,226,26941440,1
878,1425006334835,200,242,26982400,1
879,1425006336081,200,157,27056128,1
880,1425006337242,200,286,27127808,2
881,1425006338546,200,149,26998784,0
882,1425006339702,200,165,27043840,15
883,1425006340870,200,156,27154432,0
884,1425006342030,200,160,27228160,0
885,1425006343204,200,165,26974208,15
886,1425006344374,200,180,27240448,1
887,1425006345557,200,157,27338752,3
888,1425006346718,200,156,27019264,0
889,1425006347882,200,162,27052032,1
890,1425006349048,200,396,27117568,1
891,1425006350448,200,156,27191296,2
892,1425006351626,200,159,27002880,1
893,1425006352788,200,170,27052032,1
894,1425006353961,200,160,27117568,1
895,1425006355125,200,172,27191296,3
896,1425006356301,200,162,26970112,1
897,1425006357467,200,164,27023360,0
898,1425006358635,200,151,27101184,0
899,1425006359789,200,300,27174912,1
900,1425006361095,200,182,26961920,1
901,1425006362281,200,171,26998784,0
902,1425006363456,200,192,27068416,0
903,1425006364651,200,168,27142144,0
904,1425006365823,200,181,26953728,0
905,1425006367008,200,306,26994688,0
906,1425006368319,200,164,27092992,0
907,1425006369490,200,159,27162624,12
908,1425006370676,200,276,27006976,0
909,1425006371956,200,216,27088896,0
910,1425006373179,200,169,27158528,15
911,1425006374352,200,167,26982400,1
912,1425006375522,200,188,27023360,2
913,1425006376714,200,165,27174912,2
914,1425006377906,200,163,26957824,1
915,1425006379077,200,163,27006976,0
916,1425006380244,200,176,27076608,0
917,1425006381424,200,152,27154432,0
918,1425006382580,200,159,27228160,2
919,1425006383743,200,198,26953728,1
920,1425006384944,200,150,27019264,1
921,1425006386098,200,167,27097088,0
922,1425006387269,200,225,27166720,1
923,1425006388517,200,162,26966016,0
924,1425006389683,200,152,27031552,0
925,1425006390839,200,851,27109376,2
926,1425006392694,200,186,27179008,0
927,1425006393898,200,157,26937344,1
928,1425006395058,200,299,26986496,1
929,1425006396362,200,175,27080704,0
930,1425006397540,200,385,27183104,1
931,1425006398944,200,157,26990592,0
932,1425006400105,200,202,27052032,14
933,1425006401312,200,201,27162624,0
934,1425006402517,200,152,27240448,3
935,1425006403673,200,855,27199488,1
936,1425006405531,200,172,27277312,1
937,1425006406725,200,160,27117568,1
938,1425006407888,200,172,27056128,1
939,1425006409063,200,168,27113472,0
940,1425006410235,200,193,27187200,1
941,1425006411432,200,160,27265024,2
942,1425006412616,200,464,26994688,1
943,1425006414084,200,1016,27047936,0
944,1425006416104,200,522,27121664,0
945,1425006417630,200,475,27195392,2
946,1425006419126,200,150,26994688,0
947,1425006420279,200,171,27047936,1
948,1425006421456,200,283,27117568,0
949,1425006422743,200,156,27191296,1
950,1425006423918,200,158,26961920,0
951,1425006425080,200,176,27006976,0
952,1425006426260,200,151,27080704,2
953,1425006427420,200,251,27174912,0
954,1425006428697,200,671,27019264,0
955,1425006430371,200,313,27068416,0
956,1425006431689,200,255,27174912,0
957,1425006432948,200,182,27248640,16
958,1425006434134,200,212,27183104,1
959,1425006435350,200,210,27285504,1
960,1425006436585,200,178,27027456,1
961,1425006437767,200,163,27056128,1
962,1425006438934,200,153,27117568,0
963,1425006440091,200,155,27187200,1
964,1425006441250,200,161,27265024,1
965,1425006442415,200,157,26986496,0
966,1425006443576,200,237,27039744,1
967,1425006444817,200,162,27113472,1
968,1425006445982,200,185,27187200,0
969,1425006447186,200,219,26998784,0
970,1425006448410,200,236,27052032,0
971,1425006449650,200,191,27121664,1
972,1425006450844,200,218,27199488,0
973,1425006452074,200,414,26957824,1
974,1425006453492,200,172,27006976,0
975,1425006454668,200,163,27076608,1
976,1425006455834,200,163,27154432,1
977,1425006457001,200,293,26966016,0
978,1425006458299,200,159,27027456,0
979,1425006459462,200,159,27105280,14
980,1425006460625,200,347,27187200,1
981,1425006461976,200,155,27023360,0
982,1425006463135,200,156,27080704,14
983,1425006464295,200,165,27252736,5
984,1425006465463,200,169,27023360,0
985,1425006466636,200,194,27121664,1
986,1425006467834,200,193,27195392,1
987,1425006469031,200,170,27269120,2
988,1425006470225,200,160,26970112,0
989,1425006471389,200,160,27015168,0
990,1425006472563,200,169,27092992,0
991,1425006473735,200,177,27162624,0
992,1425006474917,200,155,27240448,1
993,1425006476090,200,158,26982400,1
994,1425006477251,200,217,27043840,1
995,1425006478472,200,174,27121664,1
996,1425006479650,200,425,27199488,1
997,1425006481084,200,266,26961920,0
998,1425006482354,200,166,27006976,0
999,1425006483524,200,156,27076608,0
