Count,ResponseCode,Duration,Mem,Cpu
1959,200,41,731639808,35
332,200,25,732041216,18
1998,200,288,731394048,18
0,200,239,732299264,17
50,200,213,732946432,12
1173,200,33,732000256,12
890,200,93,730607616,10
2444,200,42,731144192,10
2527,200,32,731152384,10
2578,200,24,731025408,10
326,200,156,732844032,9
433,200,40,731467776,9
590,200,36,731099136,9
1732,200,20,732270592,9
2300,200,31,731275264,9
2390,200,36,731414528,9
2598,200,23,731021312,9
2926,200,64,730292224,9
40,200,44,731422720,8
181,200,28,732827648,8
217,200,36,732954624,8
344,200,26,731971584,8
422,200,44,731594752,8
675,200,20,730963968,8
761,200,44,730841088,8
863,200,49,730488832,8
889,200,28,730730496,8
1135,200,59,729968640,8
1200,200,27,731885568,8
1312,200,42,732139520,8
1351,200,53,732139520,8
1401,200,60,731897856,8
1509,200,32,731762688,8
1668,200,27,732520448,8
2119,200,39,731394048,8
2124,200,26,731525120,8
2336,200,121,731414528,8
2507,200,70,731029504,8
2538,200,37,731156480,8
2548,200,37,731021312,8
2558,200,38,731279360,8
2632,200,80,730775552,8
2700,200,52,730660864,8
2726,200,28,730533888,8
2756,200,31,730660864,8
2837,200,26,730411008,8
2944,200,48,730030080,8
2962,200,37,730030080,8
22,200,24,731803648,7
59,200,29,733331456,7
63,200,61,733331456,7
109,200,24,733073408,7
134,200,21,732950528,7
184,200,33,732827648,7
191,200,23,732827648,7
307,200,48,732598272,7
398,200,25,731594752,7
453,200,26,731340800,7
465,200,38,731594752,7
489,200,213,731467776,7
536,200,45,731226112,7
544,200,33,731226112,7
690,200,44,730968064,7
747,200,34,730841088,7
759,200,25,730714112,7
770,200,33,730714112,7
783,200,97,730587136,7
874,200,39,730480640,7
876,200,91,730480640,7
912,200,23,730218496,7
1027,200,26,730349568,7
1080,200,84,729841664,7
1099,200,22,729968640,7
1240,200,43,732266496,7
1274,200,55,732262400,7
1393,200,25,732024832,7
1394,200,26,732024832,7
1398,200,61,732024832,7
1402,200,34,732024832,7
1420,200,36,732024832,7
1438,200,22,732016640,7
1627,200,64,731377664,7
1650,200,74,732139520,7
1740,200,83,732143616,7
1755,200,30,732270592,7
1780,200,30,732397568,7
1800,200,33,732270592,7
1808,200,48,732143616,7
1816,200,20,732143616,7
1872,200,26,732020736,7
1902,200,66,731774976,7
1931,200,87,731766784,7
1960,200,58,731766784,7
2001,200,26,731394048,7
2038,200,120,731652096,7
2070,200,80,731271168,7
2131,200,26,731779072,7
2152,200,93,731398144,7
2188,200,35,731402240,7
2261,200,26,731529216,7
2299,200,40,731148288,7
2337,200,20,731414528,7
2352,200,28,731279360,7
2356,200,40,731279360,7
2432,200,25,731152384,7
2456,200,164,731152384,7
2515,200,64,731156480,7
2549,200,26,731029504,7
2568,200,30,731021312,7
2584,200,37,731029504,7
2592,200,132,731156480,7
2611,200,40,730767360,7
2640,200,27,730894336,7
2645,200,35,730750976,7
2745,200,33,730533888,7
2760,200,63,730660864,7
2779,200,33,730533888,7
2860,200,30,730546176,7
2890,200,63,730284032,7
2918,200,66,730038272,7
2983,200,66,730161152,7
82,200,30,733077504,6
115,200,71,732823552,6
119,200,30,733077504,6
157,200,41,732823552,6
161,200,47,732696576,6
169,200,26,732696576,6
180,200,22,732700672,6
193,200,31,732827648,6
261,200,21,732844032,6
280,200,30,732590080,6
330,200,69,732454912,6
333,200,22,731971584,6
338,200,23,731971584,6
343,200,29,731971584,6
348,200,21,731975680,6
358,200,28,731848704,6
377,200,46,731594752,6
381,200,28,731594752,6
385,200,28,731594752,6
396,200,23,731594752,6
415,200,42,731594752,6
435,200,147,731594752,6
438,200,31,731594752,6
439,200,19,731594752,6
461,200,25,731467776,6
479,200,24,731467776,6
488,200,31,731467776,6
497,200,30,731340800,6
505,200,29,731340800,6
509,200,28,731467776,6
528,200,32,731353088,6
540,200,37,731226112,6
569,200,96,731099136,6
584,200,95,731099136,6
608,200,27,730845184,6
623,200,28,730845184,6
638,200,26,730972160,6
642,200,24,731099136,6
649,200,53,731090944,6
660,200,37,730963968,6
671,200,31,731090944,6
679,200,23,730963968,6
683,200,45,730963968,6
706,200,42,730968064,6
721,200,27,730836992,6
732,200,40,730841088,6
800,200,26,730587136,6
806,200,57,730595328,6
844,200,46,730595328,6
845,200,39,730595328,6
857,200,31,730611712,6
885,200,29,730607616,6
892,200,55,730599424,6
904,200,78,730218496,6
908,200,28,730210304,6
917,200,27,730218496,6
919,200,67,730214400,6
927,200,27,730218496,6
940,200,33,730218496,6
960,200,43,730218496,6
991,200,237,730345472,6
995,200,21,730345472,6
1001,200,25,730599424,6
1009,200,49,730472448,6
1031,200,21,730349568,6
1047,200,19,730349568,6
1055,200,33,730349568,6
1063,200,30,730222592,6
1182,200,23,732008448,6
1196,200,50,731885568,6
1207,200,62,732012544,6
1223,200,94,732139520,6
1248,200,34,732266496,6
1255,200,39,732266496,6
1276,200,43,732266496,6
1277,200,22,732139520,6
1291,200,42,732139520,6
1306,200,39,732012544,6
1310,200,19,732139520,6
1320,200,31,732012544,6
1329,200,33,732139520,6
1367,200,21,731881472,6
1378,200,45,732016640,6
1388,200,32,732143616,6
1406,200,26,732024832,6
1425,200,18,732024832,6
1437,200,188,732016640,6
1453,200,25,731889664,6
1464,200,37,731889664,6
1472,200,48,731762688,6
1479,200,89,731762688,6
1484,200,26,731635712,6
1494,200,32,731635712,6
1516,200,28,731639808,6
1526,200,59,731766784,6
1529,200,22,731766784,6
1564,200,39,731639808,6
1572,200,87,731639808,6
1576,200,29,731385856,6
1587,200,63,731512832,6
1601,200,54,731385856,6
1606,200,51,731377664,6
1647,200,23,731377664,6
1686,200,44,732397568,6
1698,200,33,732270592,6
1708,200,39,732397568,6
1717,200,32,732270592,6
1722,200,60,732270592,6
1723,200,37,732270592,6
1727,200,33,732270592,6
1756,200,29,732270592,6
1761,200,25,732397568,6
1792,200,28,732270592,6
1793,200,24,732270592,6
1797,200,28,732270592,6
1906,200,68,731774976,6
1908,200,91,731774976,6
1922,200,95,731893760,6
1964,200,32,731766784,6
1967,200,47,731766784,6
2057,200,38,731525120,6
2065,200,113,731398144,6
2076,200,56,731144192,6
2099,200,25,731652096,6
2104,200,63,731652096,6
2111,200,29,731271168,6
2142,200,28,731398144,6
2175,200,31,731275264,6
2189,200,30,731402240,6
2193,200,23,731402240,6
2196,200,33,731402240,6
2210,200,38,731402240,6
2212,200,53,731402240,6
2215,200,51,731402240,6
2219,200,61,731402240,6
2221,200,92,731275264,6
2239,200,27,731275264,6
2245,200,26,731275264,6
2248,200,130,731275264,6
2257,200,42,731529216,6
2277,200,29,731275264,6
2278,200,25,731275264,6
2280,200,80,731275264,6
2308,200,78,731402240,6
2318,200,49,731275264,6
2324,200,71,731283456,6
2344,200,23,731279360,6
2354,200,29,731144192,6
2363,200,25,731160576,6
2384,200,58,731279360,6
2387,200,37,731160576,6
2388,200,23,731287552,6
2426,200,119,731152384,6
2434,200,27,731017216,6
2436,200,21,731025408,6
2437,200,34,731025408,6
2440,200,31,731152384,6
2448,200,33,731279360,6
2460,200,32,731279360,6
2462,200,31,731152384,6
2464,200,28,731152384,6
2482,200,33,731152384,6
2517,200,713,731156480,6
2521,200,24,731156480,6
2532,200,34,731156480,6
2535,200,25,731029504,6
2537,200,46,731156480,6
2539,200,43,730902528,6
2550,200,53,731029504,6
2566,200,23,731029504,6
2588,200,85,731029504,6
2589,200,93,731156480,6
2593,200,37,731283456,6
2597,200,36,731156480,6
2612,200,28,730767360,6
2639,200,28,730902528,6
2681,200,38,730779648,6
2719,200,35,730533888,6
2748,200,75,730533888,6
2759,200,44,730660864,6
2787,200,38,730660864,6
2803,200,42,730533888,6
2833,200,21,730537984,6
2848,200,24,730537984,6
2864,200,31,730546176,6
2876,200,45,730546176,6
2884,200,33,730664960,6
2891,200,58,730284032,6
2903,200,49,730284032,6
2910,200,63,730157056,6
2915,200,51,730030080,6
2967,200,60,729903104,6
2971,200,39,730030080,6
2995,200,20,730279936,6
11,200,44,732057600,5
15,200,29,731803648,5
17,200,21,731803648,5
18,200,50,731803648,5
26,200,20,731676672,5
30,200,34,731676672,5
31,200,38,731676672,5
33,200,53,731549696,5
39,200,28,731422720,5
44,200,322,731422720,5
47,200,281,731422720,5
55,200,33,733077504,5
69,200,19,733204480,5
76,200,21,733069312,5
88,200,31,733204480,5
98,200,21,733077504,5
108,200,25,733073408,5
111,200,28,733077504,5
114,200,41,732950528,5
123,200,18,732950528,5
126,200,24,733077504,5
127,200,260,733077504,5
130,200,22,732950528,5
138,200,23,733077504,5
141,200,42,732950528,5
146,200,30,732950528,5
148,200,20,732950528,5
154,200,29,732950528,5
156,200,29,732823552,5
163,200,50,732823552,5
165,200,121,732823552,5
176,200,55,732827648,5
189,200,49,732827648,5
198,200,87,733081600,5
202,200,19,732954624,5
210,200,30,732946432,5
223,200,26,732827648,5
225,200,26,732954624,5
228,200,33,732700672,5
240,200,40,732696576,5
259,200,32,732839936,5
268,200,21,732717056,5
276,200,37,732717056,5
281,200,26,732590080,5
282,200,31,732590080,5
289,200,28,732471296,5
290,200,45,732463104,5
292,200,20,732471296,5
294,200,29,732471296,5
300,200,48,732471296,5
305,200,26,732598272,5
308,200,49,732598272,5
309,200,33,732598272,5
341,200,41,731971584,5
342,200,29,731963392,5
353,200,34,732102656,5
366,200,66,731721728,5
369,200,38,731721728,5
373,200,22,731594752,5
378,200,30,731594752,5
379,200,31,731594752,5
404,200,25,731586560,5
411,200,44,731467776,5
427,200,19,731467776,5
429,200,25,731340800,5
430,200,36,731467776,5
445,200,75,731340800,5
449,200,21,731340800,5
451,200,43,731340800,5
457,200,30,731340800,5
459,200,34,731467776,5
462,200,44,731467776,5
467,200,61,731594752,5
472,200,93,731467776,5
476,200,54,731467776,5
481,200,29,731594752,5
492,200,31,731340800,5
499,200,39,731340800,5
500,200,44,731340800,5
513,200,45,731222016,5
517,200,38,731353088,5
532,200,119,731226112,5
538,200,24,731226112,5
547,200,58,731226112,5
549,200,27,731226112,5
592,200,42,731090944,5
595,200,101,731099136,5
604,200,26,730972160,5
634,200,73,730972160,5
641,200,26,731099136,5
646,200,21,731226112,5
656,200,54,731090944,5
657,200,45,731090944,5
687,200,36,730968064,5
703,200,22,731095040,5
712,200,50,730968064,5
717,200,56,730968064,5
725,200,43,730841088,5
728,200,47,730968064,5
744,200,37,730841088,5
751,200,44,730587136,5
752,200,30,730587136,5
757,200,72,730587136,5
774,200,27,730587136,5
780,200,39,730587136,5
784,200,52,730587136,5
788,200,562,730587136,5
789,200,94,730587136,5
792,200,38,730587136,5
795,200,44,730587136,5
799,200,28,730587136,5
803,200,40,730587136,5
809,200,50,730595328,5
811,200,40,730595328,5
814,200,39,730587136,5
820,200,53,730468352,5
822,200,29,730722304,5
828,200,32,730722304,5
840,200,46,730595328,5
855,200,32,730603520,5
856,200,78,730611712,5
867,200,33,730480640,5
881,200,32,730480640,5
882,200,46,730480640,5
893,200,29,730599424,5
906,200,42,730218496,5
925,200,32,730218496,5
931,200,42,730345472,5
942,200,56,729964544,5
968,200,26,730345472,5
975,200,70,730337280,5
978,200,55,730345472,5
993,200,47,730345472,5
997,200,59,730472448,5
998,200,35,730599424,5
1012,200,54,730345472,5
1025,200,23,730353664,5
1032,200,78,730349568,5
1038,200,22,730222592,5
1039,200,37,730222592,5
1051,200,27,730222592,5
1058,200,32,730349568,5
1066,200,28,730095616,5
1069,200,44,729968640,5
1081,200,62,729841664,5
1091,200,35,730095616,5
1096,200,49,729960448,5
1117,200,59,729968640,5
1131,200,44,729968640,5
1144,200,47,729706496,5
1150,200,27,729841664,5
1151,200,87,729841664,5
1161,200,32,729841664,5
1163,200,40,729714688,5
1165,200,69,729714688,5
1171,200,44,729587712,5
1184,200,39,732000256,5
1185,200,40,732000256,5
1187,200,43,732008448,5
1203,200,42,731885568,5
1204,200,26,731885568,5
1206,200,46,731885568,5
1208,200,46,732012544,5
1209,200,55,732012544,5
1212,200,25,732139520,5
1218,200,53,732139520,5
1222,200,39,732139520,5
1229,200,32,732139520,5
1231,200,45,732393472,5
1235,200,35,732393472,5
1236,200,54,732393472,5
1239,200,43,732266496,5
1271,200,28,732139520,5
1273,200,35,732139520,5
1281,200,60,732266496,5
1288,200,39,732139520,5
1292,200,30,732393472,5
1298,200,41,732139520,5
1300,200,31,732012544,5
1302,200,40,732012544,5
1308,200,32,732012544,5
1313,200,30,732139520,5
1316,200,22,732139520,5
1318,200,32,732012544,5
1321,200,36,732139520,5
1325,200,30,732139520,5
1330,200,35,732139520,5
1332,200,37,732139520,5
1333,200,27,732139520,5
1338,200,40,732131328,5
1345,200,41,732266496,5
1348,200,56,732004352,5
1353,200,43,732143616,5
1363,200,47,732016640,5
1368,200,53,731889664,5
1374,200,29,732016640,5
1379,200,34,732143616,5
1387,200,43,732270592,5
1389,200,44,732143616,5
1417,200,43,732151808,5
1421,200,36,732024832,5
1427,200,27,731889664,5
1436,200,27,731889664,5
1440,200,34,731889664,5
1445,200,37,732016640,5
1446,200,20,731889664,5
1456,200,30,731889664,5
1460,200,32,731889664,5
1461,200,44,731762688,5
1462,200,23,731762688,5
1463,200,64,731762688,5
1474,200,34,731762688,5
1475,200,28,731762688,5
1476,200,28,731762688,5
1485,200,43,731635712,5
1489,200,45,731762688,5
1498,200,43,731635712,5
1502,200,43,731762688,5
1510,200,33,731635712,5
1512,200,64,731635712,5
1520,200,54,731631616,5
1525,200,20,731639808,5
1541,200,27,731893760,5
1547,200,39,731766784,5
1548,200,66,731639808,5
1553,200,30,731639808,5
1560,200,34,731631616,5
1561,200,42,731631616,5
1568,200,111,731639808,5
1569,200,79,731639808,5
1570,200,70,731631616,5
1573,200,34,731639808,5
1578,200,29,731385856,5
1579,200,51,731385856,5
1595,200,55,731639808,5
1597,200,100,731639808,5
1598,200,60,731385856,5
1613,200,97,731250688,5
1614,200,123,731250688,5
1623,200,37,731377664,5
1625,200,23,731377664,5
1632,200,32,731377664,5
1652,200,82,732266496,5
1657,200,38,732266496,5
1660,200,22,732520448,5
1674,200,24,732393472,5
1679,200,102,732401664,5
1683,200,34,732397568,5
1687,200,22,732270592,5
1694,200,35,732266496,5
1696,200,25,732270592,5
1697,200,63,732270592,5
1701,200,45,732270592,5
1704,200,45,732262400,5
1707,200,22,732397568,5
1719,200,46,732270592,5
1729,200,43,732270592,5
1743,200,81,732143616,5
1760,200,20,732397568,5
1765,200,39,732270592,5
1789,200,36,732270592,5
1805,200,29,732270592,5
1809,200,48,732143616,5
1812,200,46,732016640,5
1814,200,41,732016640,5
1817,200,95,732143616,5
1820,200,99,732139520,5
1823,200,47,732016640,5
1843,200,288,732020736,5
1876,200,156,731893760,5
1890,200,381,731766784,5
1894,200,31,731762688,5
1905,200,42,731774976,5
1907,200,91,731774976,5
1918,200,42,731766784,5
1920,200,216,731766784,5
1929,200,66,731766784,5
1952,200,48,731766784,5
1965,200,25,731766784,5
1971,200,43,731639808,5
1975,200,190,731639808,5
1986,200,70,731521024,5
1989,200,47,731521024,5
2000,200,45,731394048,5
2005,200,107,731398144,5
2008,200,78,731398144,5
2012,200,36,731398144,5
2019,200,49,731398144,5
2023,200,41,731398144,5
2024,200,88,731398144,5
2031,200,103,731271168,5
2037,200,135,731525120,5
2040,200,64,731398144,5
2042,200,53,731525120,5
2047,200,30,731652096,5
2060,200,42,731394048,5
2062,200,32,731398144,5
2078,200,80,731144192,5
2080,200,23,731144192,5
2083,200,37,731271168,5
2087,200,32,731271168,5
2088,200,24,731271168,5
2101,200,33,731779072,5
2103,200,24,731525120,5
2115,200,21,731271168,5
2127,200,165,731652096,5
2129,200,24,731643904,5
2134,200,54,731652096,5
2137,200,27,731652096,5
2139,200,41,731398144,5
2140,200,149,731398144,5
2145,200,55,731398144,5
2156,200,28,731525120,5
2157,200,20,731525120,5
2158,200,45,731525120,5
2171,200,22,731402240,5
2190,200,44,731402240,5
2192,200,50,731402240,5
2204,200,44,731402240,5
2206,200,33,731402240,5
2223,200,38,731275264,5
2228,200,26,731275264,5
2229,200,91,731267072,5
2233,200,35,731275264,5
2235,200,53,731275264,5
2237,200,29,731275264,5
2241,200,27,731275264,5
2242,200,26,731275264,5
2253,200,39,731402240,5
2255,200,24,731402240,5
2259,200,94,731394048,5
2264,200,34,731275264,5
2281,200,49,731402240,5
2282,200,40,731275264,5
2283,200,34,731275264,5
2284,200,44,731402240,5
2286,200,33,731275264,5
2288,200,102,731275264,5
2296,200,39,731275264,5
2312,200,41,731275264,5
2319,200,33,731148288,5
2331,200,96,731287552,5
2343,200,45,731279360,5
2365,200,25,731287552,5
2379,200,32,731160576,5
2392,200,38,731414528,5
2395,200,51,731279360,5
2409,200,78,731152384,5
2413,200,36,731152384,5
2417,200,84,731152384,5
2429,200,34,731152384,5
2447,200,43,731025408,5
2465,200,24,731152384,5
2467,200,49,731025408,5
2471,200,21,731152384,5
2479,200,42,731152384,5
2480,200,35,731152384,5
2486,200,22,731279360,5
2490,200,45,731152384,5
2494,200,44,731156480,5
2498,200,25,731156480,5
2499,200,48,731029504,5
2505,200,27,731156480,5
2522,200,50,731156480,5
2526,200,32,731156480,5
2528,200,25,731025408,5
2529,200,63,731156480,5
2530,200,24,731156480,5
2533,200,43,731156480,5
2540,200,49,731029504,5
2545,200,103,731156480,5
2552,200,44,731029504,5
2553,200,205,731029504,5
2554,200,24,731029504,5
2556,200,26,730902528,5
2561,200,24,731156480,5
2573,200,37,731029504,5
2574,200,44,731029504,5
2576,200,43,731029504,5
2580,200,52,731029504,5
2585,200,36,731029504,5
2606,200,30,730648576,5
2614,200,42,730775552,5
2615,200,71,730775552,5
2617,200,42,730775552,5
2618,200,52,730902528,5
2620,200,101,730902528,5
2623,200,43,730902528,5
2624,200,50,730902528,5
2635,200,44,730902528,5
2637,200,54,730902528,5
2655,200,125,730783744,5
2656,200,32,730779648,5
2658,200,46,730779648,5
2661,200,38,730779648,5
2677,200,32,730779648,5
2678,200,26,730779648,5
2679,200,35,730771456,5
2684,200,33,730779648,5
2689,200,97,730779648,5
2702,200,22,730660864,5
2708,200,62,730533888,5
2712,200,45,730533888,5
2715,200,75,730533888,5
2722,200,108,730533888,5
2730,200,43,730533888,5
2736,200,23,730533888,5
2752,200,29,730660864,5
2753,200,40,730652672,5
2764,200,33,730656768,5
2768,200,44,730533888,5
2771,200,59,730533888,5
2777,200,22,730533888,5
2786,200,41,730660864,5
2790,200,25,730660864,5
2793,200,25,730660864,5
2806,200,56,730533888,5
2812,200,31,730406912,5
2819,200,44,730664960,5
2820,200,41,730664960,5
2830,200,132,730537984,5
2844,200,28,730406912,5
2856,200,33,730664960,5
2861,200,32,730546176,5
2867,200,45,730419200,5
2872,200,76,730546176,5
2874,200,30,730546176,5
2880,200,27,730664960,5
2887,200,42,730411008,5
2888,200,34,730411008,5
2896,200,29,730284032,5
2905,200,44,730411008,5
2907,200,181,730157056,5
2908,200,26,730157056,5
2921,200,28,730038272,5
2923,200,38,730165248,5
2933,200,37,730546176,5
2940,200,39,730157056,5
2945,200,40,730030080,5
2953,200,42,730030080,5
2963,200,121,729903104,5
2964,200,36,729903104,5
2973,200,32,730030080,5
2976,200,104,730021888,5
2991,200,21,730288128,5
2994,200,32,730161152,5
2999,200,30,730288128,5
7,200,30,732057600,4
8,200,61,732057600,4
13,200,55,732057600,4
20,200,23,731930624,4
24,200,24,731676672,4
25,200,45,731676672,4
28,200,33,731676672,4
37,200,45,731422720,4
42,200,60,731422720,4
45,200,68,731422720,4
52,200,32,732950528,4
60,200,34,733331456,4
64,200,58,733331456,4
65,200,36,733331456,4
67,200,73,733204480,4
74,200,33,733204480,4
79,200,58,733077504,4
80,200,42,733077504,4
81,200,55,732950528,4
84,200,52,733204480,4
85,200,51,733204480,4
86,200,51,733069312,4
89,200,43,733331456,4
90,200,30,733331456,4
94,200,40,733204480,4
95,200,23,733204480,4
96,200,40,733196288,4
100,200,27,732823552,4
101,200,27,732823552,4
110,200,19,733077504,4
112,200,44,733077504,4
113,200,184,733077504,4
122,200,51,732950528,4
133,200,69,732823552,4
142,200,23,732950528,4
145,200,48,732950528,4
149,200,43,732950528,4
150,200,65,732950528,4
164,200,64,732696576,4
168,200,161,732688384,4
170,200,30,732696576,4
171,200,39,732696576,4
178,200,22,732819456,4
194,200,65,732827648,4
197,200,40,732827648,4
200,200,30,732954624,4
206,200,45,732954624,4
208,200,31,732954624,4
218,200,24,732954624,4
222,200,24,732954624,4
227,200,30,732827648,4
231,200,33,732700672,4
234,200,30,732700672,4
235,200,30,732700672,4
237,200,26,732700672,4
239,200,31,732700672,4
245,200,52,732954624,4
248,200,43,732827648,4
250,200,45,732946432,4
252,200,75,732835840,4
253,200,38,732835840,4
258,200,206,732844032,4
260,200,53,732712960,4
264,200,35,732590080,4
265,200,37,732844032,4
266,200,31,732717056,4
270,200,51,732590080,4
278,200,132,732717056,4
283,200,43,732590080,4
287,200,57,732471296,4
291,200,32,732463104,4
302,200,29,732471296,4
303,200,31,732471296,4
311,200,50,732598272,4
315,200,37,732598272,4
316,200,60,732598272,4
317,200,24,732598272,4
318,200,42,732598272,4
320,200,22,732598272,4
336,200,20,731971584,4
339,200,23,731971584,4
340,200,28,731971584,4
345,200,36,731971584,4
350,200,32,731975680,4
354,200,49,731975680,4
362,200,41,731848704,4
380,200,40,731594752,4
383,200,21,731594752,4
384,200,36,731594752,4
389,200,20,731725824,4
392,200,57,731594752,4
397,200,49,731594752,4
408,200,24,731467776,4
416,200,45,731721728,4
417,200,37,731594752,4
424,200,24,731721728,4
431,200,24,731594752,4
432,200,24,731594752,4
434,200,45,731467776,4
437,200,22,731594752,4
444,200,36,731467776,4
447,200,63,731340800,4
452,200,63,731340800,4
454,200,21,731340800,4
455,200,48,731340800,4
463,200,27,731467776,4
468,200,34,731467776,4
469,200,23,731594752,4
471,200,24,731467776,4
473,200,52,731594752,4
477,200,29,731594752,4
485,200,119,731467776,4
501,200,38,731467776,4
502,200,22,731467776,4
508,200,36,731340800,4
518,200,49,731353088,4
521,200,21,731226112,4
524,200,41,731226112,4
525,200,67,731226112,4
527,200,187,731353088,4
529,200,29,731344896,4
530,200,54,731353088,4
539,200,44,731226112,4
545,200,48,731226112,4
548,200,23,731226112,4
551,200,26,731226112,4
558,200,50,731099136,4
559,200,23,731099136,4
565,200,63,731099136,4
566,200,23,731099136,4
568,200,59,731099136,4
570,200,40,731099136,4
571,200,41,730972160,4
573,200,24,731099136,4
577,200,33,731099136,4
580,200,44,731099136,4
581,200,36,731099136,4
596,200,51,731226112,4
600,200,32,731099136,4
607,200,27,730972160,4
612,200,52,730710016,4
613,200,72,730718208,4
625,200,61,730845184,4
626,200,54,730845184,4
633,200,24,730972160,4
637,200,61,730972160,4
639,200,28,730972160,4
644,200,37,731099136,4
645,200,50,731226112,4
658,200,51,730963968,4
661,200,60,730963968,4
662,200,19,730963968,4
663,200,64,730836992,4
667,200,42,730963968,4
680,200,23,730963968,4
689,200,41,730968064,4
691,200,261,730968064,4
695,200,307,730968064,4
702,200,54,731095040,4
704,200,33,731095040,4
713,200,44,730841088,4
724,200,46,730841088,4
733,200,28,730832896,4
743,200,55,730841088,4
748,200,59,730841088,4
750,200,56,730714112,4
753,200,70,730587136,4
755,200,52,730587136,4
756,200,49,730587136,4
765,200,49,730841088,4
769,200,72,730714112,4
772,200,285,730587136,4
773,200,37,730587136,4
782,200,28,730587136,4
787,200,99,730587136,4
802,200,56,730587136,4
804,200,23,730578944,4
807,200,36,730595328,4
813,200,43,730595328,4
824,200,40,730587136,4
825,200,34,730587136,4
826,200,37,730595328,4
837,200,40,730595328,4
839,200,94,730595328,4
851,200,24,730603520,4
854,200,22,730730496,4
859,200,80,730488832,4
862,200,52,730488832,4
871,200,50,730480640,4
894,200,40,730472448,4
899,200,103,730341376,4
900,200,52,730218496,4
903,200,25,730218496,4
911,200,40,730218496,4
915,200,66,730218496,4
923,200,27,730345472,4
926,200,20,730218496,4
939,200,61,730218496,4
941,200,56,730091520,4
946,200,57,730091520,4
947,200,29,730218496,4
950,200,57,730218496,4
951,200,64,730218496,4
953,200,63,730218496,4
957,200,30,730218496,4
961,200,38,730218496,4
963,200,37,730218496,4
967,200,46,730345472,4
969,200,28,730218496,4
980,200,41,730345472,4
985,200,28,730345472,4
986,200,294,730345472,4
992,200,132,730345472,4
994,200,21,730341376,4
1004,200,44,730468352,4
1007,200,60,730472448,4
1008,200,39,730472448,4
1016,200,32,730472448,4
1020,200,62,730345472,4
1022,200,28,730345472,4
1023,200,60,730345472,4
1026,200,50,730353664,4
1029,200,26,730349568,4
1037,200,20,730222592,4
1042,200,22,730095616,4
1049,200,28,730222592,4
1052,200,29,730222592,4
1054,200,44,730095616,4
1059,200,42,730349568,4
1065,200,25,730095616,4
1067,200,54,730095616,4
1071,200,68,730222592,4
1073,200,51,730095616,4
1075,200,35,729968640,4
1078,200,33,729841664,4
1085,200,19,730095616,4
1095,200,70,729960448,4
1101,200,32,729968640,4
1102,200,56,729968640,4
1106,200,28,729968640,4
1111,200,23,729968640,4
1112,200,40,729968640,4
1116,200,43,729968640,4
1120,200,42,729968640,4
1125,200,57,729960448,4
1129,200,29,729968640,4
1134,200,144,729968640,4
1139,200,75,729841664,4
1141,200,28,729841664,4
1143,200,38,729841664,4
1145,200,32,729714688,4
1146,200,23,729841664,4
1149,200,72,729841664,4
1152,200,40,729841664,4
1155,200,45,729841664,4
1166,200,54,729587712,4
1167,200,47,729587712,4
1169,200,128,729587712,4
1170,200,51,729587712,4
1174,200,29,732119040,4
1175,200,21,732127232,4
1177,200,58,732008448,4
1179,200,26,732008448,4
1181,200,49,732008448,4
1188,200,42,732016640,4
1193,200,35,731885568,4
1197,200,43,731885568,4
1198,200,34,731885568,4
1211,200,41,732139520,4
1215,200,22,732139520,4
1220,200,23,732139520,4
1225,200,65,732139520,4
1228,200,24,732139520,4
1233,200,19,732393472,4
1243,200,104,732266496,4
1246,200,27,732266496,4
1251,200,57,732266496,4
1263,200,101,732266496,4
1265,200,122,732266496,4
1266,200,53,732139520,4
1268,200,39,732139520,4
1269,200,101,732139520,4
1280,200,47,732012544,4
1283,200,65,732139520,4
1285,200,34,732266496,4
1287,200,27,732139520,4
1293,200,63,732266496,4
1294,200,48,732266496,4
1295,200,55,732139520,4
1297,200,24,732131328,4
1299,200,25,732012544,4
1314,200,22,732139520,4
1328,200,52,732004352,4
1335,200,52,732139520,4
1337,200,47,732139520,4
1341,200,38,732266496,4
1344,200,28,732139520,4
1350,200,21,732266496,4
1352,200,69,732143616,4
1361,200,28,732016640,4
1365,200,31,732016640,4
1366,200,43,731889664,4
1369,200,29,731889664,4
1372,200,35,732270592,4
1390,200,83,732143616,4
1405,200,39,731897856,4
1413,200,47,732024832,4
1414,200,28,732024832,4
1415,200,35,732024832,4
1416,200,57,732024832,4
1423,200,19,732024832,4
1424,200,21,731897856,4
1429,200,23,732016640,4
1434,200,56,732016640,4
1444,200,95,731889664,4
1450,200,170,731885568,4
1451,200,44,731889664,4
1454,200,55,732016640,4
1468,200,90,731762688,4
1470,200,31,731754496,4
1478,200,60,731762688,4
1480,200,100,731762688,4
1488,200,46,731762688,4
1490,200,26,731754496,4
1491,200,60,731762688,4
1492,200,23,731762688,4
1503,200,31,731762688,4
1504,200,55,731762688,4
1505,200,48,731762688,4
1507,200,26,731762688,4
1511,200,25,731508736,4
1524,200,33,731639808,4
1527,200,40,731766784,4
1530,200,57,731766784,4
1531,200,23,731766784,4
1533,200,87,731766784,4
1540,200,94,731893760,4
1544,200,59,731893760,4
1545,200,88,731893760,4
1549,200,34,731766784,4
1552,200,47,731639808,4
1556,200,36,731639808,4
1557,200,34,731639808,4
1562,200,47,731639808,4
1581,200,31,731639808,4
1583,200,56,731639808,4
1588,200,158,731512832,4
1590,200,45,731512832,4
1592,200,56,731639808,4
1594,200,123,731639808,4
1596,200,57,731639808,4
1599,200,43,731385856,4
1600,200,21,731377664,4
1612,200,32,731377664,4
1616,200,52,731250688,4
1620,200,30,731250688,4
1624,200,43,731377664,4
1626,200,61,731377664,4
1628,200,24,731377664,4
1629,200,33,731377664,4
1630,200,47,731377664,4
1631,200,33,731377664,4
1634,200,41,731504640,4
1636,200,39,731504640,4
1641,200,40,731504640,4
1644,200,61,731500544,4
1645,200,43,731504640,4
1648,200,59,731377664,4
1649,200,40,731377664,4
1656,200,59,732266496,4
1659,200,35,732266496,4
1662,200,27,732520448,4
1663,200,31,732520448,4
1664,200,23,732520448,4
1669,200,33,732520448,4
1672,200,21,732393472,4
1676,200,73,732393472,4
1677,200,52,732393472,4
1680,200,115,732524544,4
1690,200,57,732270592,4
1691,200,57,732270592,4
1703,200,34,732270592,4
1705,200,59,732270592,4
1706,200,199,732270592,4
1709,200,103,732270592,4
1712,200,33,732270592,4
1715,200,53,732270592,4
1718,200,27,732270592,4
1726,200,91,732270592,4
1728,200,29,732270592,4
1731,200,46,732270592,4
1733,200,43,732270592,4
1748,200,52,732262400,4
1751,200,31,732270592,4
1766,200,23,732270592,4
1769,200,50,732270592,4
1773,200,31,732397568,4
1776,200,63,732397568,4
1777,200,22,732397568,4
1781,200,30,732270592,4
1783,200,60,732270592,4
1785,200,28,732270592,4
1787,200,28,732143616,4
1790,200,119,732270592,4
1794,200,33,732270592,4
1796,200,30,732270592,4
1801,200,191,732389376,4
1827,200,74,732016640,4
1831,200,93,732016640,4
1832,200,49,732143616,4
1834,200,37,732016640,4
1835,200,99,732016640,4
1840,200,49,732016640,4
1844,200,182,732020736,4
1845,200,93,731893760,4
1848,200,467,731893760,4
1851,200,42,732020736,4
1854,200,68,731893760,4
1858,200,76,731893760,4
1863,200,39,731766784,4
1865,200,204,732020736,4
1879,200,67,731893760,4
1882,200,64,731766784,4
1884,200,160,731766784,4
1899,200,96,731774976,4
1909,200,64,731774976,4
1911,200,76,731766784,4
1917,200,389,731766784,4
1919,200,58,731766784,4
1933,200,85,731766784,4
1939,200,196,731766784,4
1944,200,43,731639808,4
1946,200,143,731639808,4
1961,200,38,731766784,4
1962,200,48,731766784,4
1992,200,33,731394048,4
1996,200,54,731394048,4
2004,200,69,731389952,4
2006,200,52,731398144,4
2007,200,31,731398144,4
2009,200,32,731398144,4
2018,200,44,731398144,4
2021,200,41,731398144,4
2027,200,32,731271168,4
2034,200,48,731398144,4
2045,200,64,731525120,4
2046,200,26,731652096,4
2049,200,54,731652096,4
2058,200,43,731525120,4
2059,200,62,731521024,4
2061,200,48,731525120,4
2071,200,118,731271168,4
2073,200,32,731144192,4
2085,200,25,731271168,4
2094,200,51,731652096,4
2095,200,38,731652096,4
2096,200,25,731779072,4
2105,200,21,731652096,4
2107,200,116,731525120,4
2109,200,35,731262976,4
2110,200,30,731271168,4
2118,200,38,731398144,4
2122,200,41,731398144,4
2125,200,24,731525120,4
2130,200,75,731652096,4
2141,200,41,731398144,4
2143,200,32,731398144,4
2146,200,44,731398144,4
2148,200,26,731398144,4
2149,200,62,731389952,4
2154,200,22,731398144,4
2160,200,117,731398144,4
2163,200,156,731398144,4
2170,200,66,731402240,4
2172,200,23,731402240,4
2173,200,46,731402240,4
2174,200,43,731529216,4
2181,200,50,731402240,4
2182,200,23,731402240,4
2184,200,126,731402240,4
2194,200,24,731402240,4
2197,200,31,731275264,4
2198,200,31,731275264,4
2203,200,61,731402240,4
2208,200,53,731402240,4
2211,200,45,731402240,4
2217,200,49,731402240,4
2222,200,195,731275264,4
2226,200,53,731275264,4
2230,200,44,731275264,4
2232,200,114,731275264,4
2243,200,26,731275264,4
2249,200,70,731402240,4
2260,200,29,731394048,4
2263,200,40,731402240,4
2266,200,21,731402240,4
2269,200,34,731402240,4
2272,200,56,731402240,4
2274,200,52,731402240,4
2275,200,44,731402240,4
2291,200,47,731021312,4
2292,200,53,731267072,4
2298,200,33,731275264,4
2301,200,21,731275264,4
2303,200,53,731148288,4
2304,200,50,731275264,4
2315,200,48,731275264,4
2316,200,31,731275264,4
2320,200,29,731275264,4
2328,200,23,731283456,4
2335,200,50,731287552,4
2338,200,47,731414528,4
2340,200,37,731287552,4
2351,200,39,731152384,4
2360,200,26,731287552,4
2364,200,64,731287552,4
2369,200,23,731287552,4
2372,200,441,731414528,4
2374,200,49,731287552,4
2375,200,47,731160576,4
2376,200,27,731287552,4
2380,200,63,731287552,4
2389,200,29,731287552,4
2391,200,29,731287552,4
2394,200,27,731279360,4
2402,200,57,731152384,4
2403,200,28,731152384,4
2406,200,33,731152384,4
2415,200,46,731144192,4
2418,200,24,731152384,4
2420,200,60,731152384,4
2421,200,33,731279360,4
2428,200,70,731152384,4
2441,200,38,731152384,4
2442,200,38,731152384,4
2449,200,41,731279360,4
2452,200,35,731152384,4
2455,200,39,731025408,4
2470,200,30,731152384,4
2474,200,53,730771456,4
2475,200,63,730898432,4
2485,200,39,731152384,4
2489,200,42,731152384,4
2497,200,46,731029504,4
2502,200,47,731156480,4
2503,200,46,731156480,4
2506,200,195,731156480,4
2509,200,43,731029504,4
2510,200,28,731156480,4
2520,200,32,731029504,4
2525,200,34,731156480,4
2544,200,45,731029504,4
2557,200,29,731156480,4
2562,200,48,731029504,4
2563,200,41,731029504,4
2564,200,26,731029504,4
2577,200,25,731029504,4
2581,200,51,731029504,4
2590,200,28,731156480,4
2595,200,38,731283456,4
2600,200,71,730902528,4
2607,200,60,730648576,4
2608,200,47,730775552,4
2616,200,72,730902528,4
2621,200,32,730894336,4
2622,200,34,730902528,4
2625,200,36,730902528,4
2627,200,45,730902528,4
2629,200,26,730902528,4
2630,200,34,730902528,4
2633,200,275,730775552,4
2636,200,28,730902528,4
2642,200,39,730894336,4
2643,200,124,730902528,4
2644,200,30,730902528,4
2650,200,32,730902528,4
2651,200,29,730775552,4
2654,200,68,730775552,4
2657,200,41,730779648,4
2665,200,54,730779648,4
2666,200,40,730779648,4
2669,200,100,730779648,4
2672,200,49,730779648,4
2673,200,28,730779648,4
2674,200,53,730779648,4
2675,200,51,730779648,4
2694,200,54,730644480,4
2695,200,30,730517504,4
2698,200,65,730787840,4
2703,200,43,730660864,4
2714,200,88,730533888,4
2723,200,35,730525696,4
2732,200,28,730533888,4
2733,200,45,730525696,4
2734,200,36,730533888,4
2737,200,49,730533888,4
2744,200,59,730525696,4
2746,200,25,730533888,4
2754,200,59,730660864,4
2758,200,40,730660864,4
2763,200,37,730656768,4
2770,200,38,730533888,4
2772,200,46,730533888,4
2774,200,47,730533888,4
2783,200,46,730652672,4
2784,200,26,730660864,4
2789,200,57,730660864,4
2792,200,31,730660864,4
2796,200,30,730533888,4
2801,200,93,730533888,4
2802,200,48,730533888,4
2804,200,54,730406912,4
2805,200,50,730533888,4
2813,200,29,730406912,4
2816,200,37,730660864,4
2818,200,32,730669056,4
2824,200,36,730664960,4
2835,200,62,730402816,4
2836,200,261,730411008,4
2840,200,30,730411008,4
2851,200,54,730537984,4
2852,200,46,730664960,4
2855,200,53,730537984,4
2857,200,43,730664960,4
2878,200,55,730411008,4
2882,200,26,730537984,4
2892,200,23,730284032,4
2899,200,30,730284032,4
2900,200,29,730284032,4
2912,200,69,730157056,4
2919,200,26,730038272,4
2924,200,20,730165248,4
2927,200,48,730292224,4
2929,200,53,730419200,4
2931,200,46,730292224,4
2935,200,25,730292224,4
2936,200,22,730292224,4
2937,200,40,730292224,4
2947,200,47,730021888,4
2948,200,94,730030080,4
2952,200,45,730030080,4
2956,200,42,730030080,4
2959,200,40,730030080,4
2961,200,76,730030080,4
2965,200,62,729903104,4
2966,200,71,729903104,4
2975,200,35,730157056,4
2978,200,38,730157056,4
2979,200,27,730284032,4
2980,200,47,730284032,4
2985,200,42,730152960,4
2997,200,46,730161152,4
3,200,800,732184576,3
5,200,635,732184576,3
6,200,78,732184576,3
9,200,29,732057600,3
16,200,24,731795456,3
19,200,25,731803648,3
29,200,48,731676672,3
43,200,39,731422720,3
46,200,42,731422720,3
48,200,108,731422720,3
53,200,30,732950528,3
57,200,21,732950528,3
58,200,32,733077504,3
62,200,40,733204480,3
66,200,75,733204480,3
70,200,51,733077504,3
75,200,174,733077504,3
77,200,79,732950528,3
92,200,40,733204480,3
93,200,33,733204480,3
97,200,27,733077504,3
102,200,21,732823552,3
103,200,37,732823552,3
104,200,26,732950528,3
117,200,20,733077504,3
131,200,36,732823552,3
132,200,38,732823552,3
135,200,24,732823552,3
136,200,27,732823552,3
137,200,35,732823552,3
140,200,22,732950528,3
147,200,72,732950528,3
152,200,41,732950528,3
158,200,24,732950528,3
160,200,24,732823552,3
162,200,32,732823552,3
172,200,39,732696576,3
173,200,26,732569600,3
174,200,48,732696576,3
175,200,34,732823552,3
177,200,35,732827648,3
179,200,32,732819456,3
183,200,42,732827648,3
188,200,26,732827648,3
190,200,24,732827648,3
195,200,26,732954624,3
199,200,20,733081600,3
209,200,83,732700672,3
211,200,31,732954624,3
213,200,53,732954624,3
214,200,38,732954624,3
220,200,23,732827648,3
221,200,93,732954624,3
224,200,48,732827648,3
226,200,72,732954624,3
229,200,75,732827648,3
230,200,21,732819456,3
232,200,52,732700672,3
233,200,56,732700672,3
236,200,27,732700672,3
238,200,42,732700672,3
241,200,82,732823552,3
251,200,28,732954624,3
257,200,376,732835840,3
263,200,85,732717056,3
269,200,119,732717056,3
271,200,53,732590080,3
272,200,21,732590080,3
273,200,40,732717056,3
277,200,33,732717056,3
286,200,21,732598272,3
293,200,53,732471296,3
298,200,35,732471296,3
299,200,26,732471296,3
301,200,45,732471296,3
304,200,75,732471296,3
306,200,22,732598272,3
312,200,28,732598272,3
314,200,28,732598272,3
319,200,27,732598272,3
321,200,29,732590080,3
322,200,41,732590080,3
334,200,75,732098560,3
335,200,30,732098560,3
349,200,41,731975680,3
356,200,70,731848704,3
359,200,36,731848704,3
361,200,62,731721728,3
364,200,34,731721728,3
367,200,23,731721728,3
371,200,72,731721728,3
375,200,28,731594752,3
386,200,27,731594752,3
387,200,24,731594752,3
388,200,39,731594752,3
391,200,47,731721728,3
394,200,22,731586560,3
400,200,24,731594752,3
402,200,31,731594752,3
403,200,28,731594752,3
406,200,26,731594752,3
407,200,37,731467776,3
413,200,20,731594752,3
418,200,125,731594752,3
419,200,80,731721728,3
420,200,41,731721728,3
423,200,75,731721728,3
426,200,35,731467776,3
436,200,63,731594752,3
441,200,29,731594752,3
442,200,43,731594752,3
443,200,51,731594752,3
456,200,36,731340800,3
475,200,37,731451392,3
483,200,435,731467776,3
490,200,22,731340800,3
493,200,61,731332608,3
498,200,49,731332608,3
507,200,21,731340800,3
511,200,21,731467776,3
519,200,20,731353088,3
522,200,60,731226112,3
531,200,61,731226112,3
541,200,39,731226112,3
542,200,87,731226112,3
546,200,40,731226112,3
554,200,29,731226112,3
555,200,27,731226112,3
556,200,90,731226112,3
557,200,47,731226112,3
560,200,30,731099136,3
562,200,46,731099136,3
563,200,24,731099136,3
564,200,26,731099136,3
572,200,62,731099136,3
576,200,41,731099136,3
578,200,34,731099136,3
582,200,31,731099136,3
585,200,206,730972160,3
586,200,32,730972160,3
587,200,34,730972160,3
588,200,100,731099136,3
589,200,17,731099136,3
597,200,33,731226112,3
599,200,24,731226112,3
603,200,34,731099136,3
605,200,28,730972160,3
609,200,19,730845184,3
610,200,25,730845184,3
614,200,58,730718208,3
616,200,79,730718208,3
619,200,164,730718208,3
620,200,114,730718208,3
621,200,24,730718208,3
622,200,30,730718208,3
630,200,68,730845184,3
635,200,18,730972160,3
636,200,28,730972160,3
643,200,61,731099136,3
650,200,76,731090944,3
653,200,78,731090944,3
655,200,31,730963968,3
659,200,36,730963968,3
668,200,60,730963968,3
669,200,25,730963968,3
670,200,40,730963968,3
672,200,37,730963968,3
676,200,40,730963968,3
677,200,35,730963968,3
678,200,118,730963968,3
685,200,30,730972160,3
688,200,77,730968064,3
694,200,47,730841088,3
696,200,49,730841088,3
697,200,47,730841088,3
699,200,90,730968064,3
705,200,26,730841088,3
710,200,22,730968064,3
714,200,43,730841088,3
734,200,36,730841088,3
735,200,56,730841088,3
737,200,25,730841088,3
739,200,45,730841088,3
742,200,33,730841088,3
760,200,41,730714112,3
764,200,52,730841088,3
766,200,61,730841088,3
768,200,82,730714112,3
776,200,22,730705920,3
779,200,53,730587136,3
786,200,34,730578944,3
791,200,95,730587136,3
796,200,26,730587136,3
808,200,52,730595328,3
810,200,26,730595328,3
815,200,29,730587136,3
817,200,61,730468352,3
818,200,69,730468352,3
832,200,72,730722304,3
836,200,60,730595328,3
841,200,81,730595328,3
846,200,32,730595328,3
849,200,49,730603520,3
852,200,72,730730496,3
858,200,29,730615808,3
860,200,24,730615808,3
861,200,39,730615808,3
864,200,153,730480640,3
868,200,45,730480640,3
870,200,76,730480640,3
873,200,39,730480640,3
877,200,81,730480640,3
878,200,201,730480640,3
883,200,34,730480640,3
895,200,37,730472448,3
896,200,55,730345472,3
898,200,22,730341376,3
902,200,86,730218496,3
907,200,33,730218496,3
910,200,28,730218496,3
918,200,40,730214400,3
920,200,48,730218496,3
921,200,22,730218496,3
922,200,39,730218496,3
928,200,33,730218496,3
933,200,80,730218496,3
934,200,75,730083328,3
935,200,77,730218496,3
938,200,31,730218496,3
949,200,45,730218496,3
952,200,72,730218496,3
955,200,19,730218496,3
958,200,23,730218496,3
959,200,29,730218496,3
964,200,71,730218496,3
965,200,36,730345472,3
966,200,168,730345472,3
971,200,80,730218496,3
973,200,23,730345472,3
974,200,35,730345472,3
979,200,53,730345472,3
982,200,47,730345472,3
983,200,34,730345472,3
984,200,23,730345472,3
987,200,85,730218496,3
988,200,82,730218496,3
990,200,67,730345472,3
1000,200,43,730599424,3
1003,200,40,730472448,3
1005,200,50,730468352,3
1006,200,93,730472448,3
1010,200,73,730472448,3
1011,200,28,730472448,3
1014,200,37,730464256,3
1018,200,31,730472448,3
1019,200,61,730472448,3
1021,200,33,730345472,3
1024,200,66,730345472,3
1028,200,31,730349568,3
1034,200,83,730214400,3
1035,200,32,730349568,3
1036,200,22,730349568,3
1045,200,35,730222592,3
1046,200,29,730222592,3
1053,200,73,730222592,3
1061,200,37,730222592,3
1062,200,89,730222592,3
1070,200,38,730222592,3
1074,200,30,730095616,3
1076,200,122,729841664,3
1087,200,149,730095616,3
1089,200,38,729968640,3
1092,200,23,730095616,3
1097,200,101,729968640,3
1098,200,79,729968640,3
1103,200,46,729968640,3
1104,200,38,729968640,3
1105,200,30,729964544,3
1107,200,39,729968640,3
1108,200,29,729968640,3
1109,200,75,729968640,3
1110,200,34,729968640,3
1113,200,56,729968640,3
1122,200,45,729841664,3
1126,200,20,729968640,3
1128,200,63,729968640,3
1132,200,31,729968640,3
1133,200,42,729968640,3
1137,200,459,729841664,3
1140,200,34,729841664,3
1153,200,27,729841664,3
1154,200,27,729841664,3
1157,200,31,729841664,3
1158,200,41,729841664,3
1164,200,48,729714688,3
1168,200,82,729587712,3
1178,200,77,732008448,3
1183,200,30,732008448,3
1192,200,36,731885568,3
1194,200,92,731877376,3
1195,200,40,731885568,3
1201,200,35,731885568,3
1202,200,29,731885568,3
1205,200,82,731885568,3
1210,200,212,732012544,3
1213,200,25,732139520,3
1214,200,42,732131328,3
1216,200,95,732139520,3
1217,200,43,732139520,3
1234,200,61,732393472,3
1237,200,20,732393472,3
1238,200,27,732266496,3
1244,200,208,732266496,3
1247,200,62,732266496,3
1250,200,34,732266496,3
1253,200,55,732266496,3
1254,200,45,732266496,3
1256,200,55,732266496,3
1258,200,225,732139520,3
1260,200,105,732266496,3
1267,200,32,732139520,3
1270,200,34,732139520,3
1275,200,42,732262400,3
1278,200,23,732139520,3
1284,200,81,732266496,3
1289,200,52,732139520,3
1305,200,40,732012544,3
1309,200,21,732012544,3
1315,200,29,732139520,3
1317,200,37,731885568,3
1326,200,39,732012544,3
1331,200,29,732139520,3
1334,200,31,732139520,3
1339,200,92,732139520,3
1349,200,55,732266496,3
1359,200,191,732016640,3
1364,200,26,732016640,3
1370,200,43,731889664,3
1373,200,49,732270592,3
1375,200,24,732143616,3
1376,200,78,732143616,3
1377,200,29,732143616,3
1382,200,28,732143616,3
1383,200,93,732143616,3
1384,200,267,732143616,3
1397,200,48,732024832,3
1408,200,52,731897856,3
1409,200,24,731897856,3
1410,200,84,732024832,3
1411,200,27,732024832,3
1412,200,24,732024832,3
1418,200,30,732024832,3
1419,200,45,732024832,3
1422,200,30,732151808,3
1428,200,26,731889664,3
1430,200,24,731889664,3
1432,200,50,731889664,3
1442,200,57,732016640,3
1447,200,47,731762688,3
1448,200,77,731762688,3
1457,200,49,732016640,3
1465,200,38,731889664,3
1466,200,25,731889664,3
1471,200,78,731762688,3
1482,200,46,731635712,3
1486,200,50,731635712,3
1493,200,43,731762688,3
1508,200,245,731762688,3
1514,200,21,731635712,3
1515,200,30,731635712,3
1519,200,64,731639808,3
1523,200,103,731639808,3
1534,200,22,731893760,3
1535,200,50,731893760,3
1537,200,323,731893760,3
1543,200,58,731893760,3
1546,200,37,731893760,3
1550,200,63,731631616,3
1566,200,29,731639808,3
1571,200,20,731639808,3
1580,200,27,731639808,3
1584,200,33,731639808,3
1607,200,33,731377664,3
1609,200,56,731377664,3
1621,200,34,731250688,3
1622,200,39,731377664,3
1633,200,37,731377664,3
1637,200,80,731504640,3
1639,200,56,731504640,3
1640,200,29,731504640,3
1653,200,58,732266496,3
1665,200,38,732393472,3
1667,200,33,732393472,3
1671,200,49,732266496,3
1673,200,36,732393472,3
1675,200,83,732393472,3
1681,200,27,732520448,3
1684,200,67,732389376,3
1693,200,26,732270592,3
1700,200,28,732270592,3
1702,200,36,732270592,3
1710,200,41,732270592,3
1721,200,44,732270592,3
1724,200,27,732270592,3
1725,200,75,732270592,3
1736,200,115,732143616,3
1737,200,303,732143616,3
1738,200,408,732139520,3
1742,200,68,732143616,3
1744,200,32,732270592,3
1745,200,60,732270592,3
1746,200,20,732270592,3
1747,200,29,732270592,3
1750,200,41,732270592,3
1753,200,55,732270592,3
1758,200,79,732270592,3
1762,200,25,732270592,3
1763,200,23,732270592,3
1764,200,40,732270592,3
1768,200,31,732270592,3
1771,200,34,732397568,3
1774,200,36,732397568,3
1778,200,30,732397568,3
1779,200,34,732397568,3
1791,200,23,732270592,3
1803,200,40,732270592,3
1804,200,169,732270592,3
1806,200,27,732270592,3
1813,200,42,732016640,3
1818,200,80,732143616,3
1819,200,75,732016640,3
1824,200,80,732143616,3
1830,200,208,732135424,3
1833,200,86,732143616,3
1846,200,58,731893760,3
1852,200,28,732020736,3
1855,200,81,731893760,3
1856,200,77,731893760,3
1857,200,151,731893760,3
1859,200,408,731893760,3
1862,200,60,731766784,3
1868,200,101,732020736,3
1871,200,259,732020736,3
1873,200,133,732020736,3
1874,200,46,732020736,3
1875,200,127,731893760,3
1878,200,66,731893760,3
1880,200,102,731893760,3
1887,200,123,731766784,3
1889,200,327,731766784,3
1891,200,59,731766784,3
1892,200,81,731766784,3
1895,200,84,731774976,3
1896,200,85,731774976,3
1921,200,63,731893760,3
1928,200,57,731893760,3
1932,200,138,731766784,3
1938,200,173,731893760,3
1942,200,258,731766784,3
1943,200,32,731766784,3
1947,200,64,731639808,3
1949,200,41,731766784,3
1954,200,78,731766784,3
1956,200,179,731766784,3
1958,200,81,731766784,3
1968,200,192,731766784,3
1969,200,80,731766784,3
1972,200,72,731766784,3
1973,200,65,731766784,3
1978,200,43,731639808,3
1982,200,81,731521024,3
1987,200,59,731521024,3
1993,200,97,731394048,3
1995,200,32,731394048,3
1997,200,89,731394048,3
2010,200,40,731398144,3
2016,200,103,731398144,3
2022,200,47,731398144,3
2025,200,37,731398144,3
2026,200,44,731398144,3
2030,200,52,731271168,3
2036,200,116,731525120,3
2039,200,28,731525120,3
2041,200,112,731398144,3
2053,200,75,731525120,3
2056,200,47,731525120,3
2063,200,35,731398144,3
2064,200,29,731398144,3
2066,200,47,731398144,3
2069,200,297,731271168,3
2072,200,69,731271168,3
2074,200,37,731144192,3
2075,200,151,731144192,3
2081,200,28,731144192,3
2091,200,44,731144192,3
2092,200,28,731652096,3
2093,200,32,731652096,3
2097,200,53,731779072,3
2108,200,56,731398144,3
2126,200,52,731525120,3
2128,200,83,731652096,3
2138,200,53,731398144,3
2151,200,188,731398144,3
2159,200,134,731398144,3
2161,200,50,731398144,3
2164,200,40,731398144,3
2165,200,65,731406336,3
2166,200,112,731406336,3
2168,200,215,731402240,3
2177,200,30,731275264,3
2179,200,37,731275264,3
2185,200,55,731402240,3
2195,200,89,731402240,3
2199,200,111,731275264,3
2201,200,82,731402240,3
2202,200,28,731529216,3
2205,200,26,731402240,3
2207,200,37,731402240,3
2214,200,95,731402240,3
2225,200,35,731275264,3
2238,200,42,731275264,3
2244,200,32,731275264,3
2246,200,24,731275264,3
2247,200,28,731275264,3
2251,200,206,731275264,3
2252,200,83,731275264,3
2265,200,87,731402240,3
2267,200,54,731402240,3
2268,200,40,731275264,3
2270,200,104,731402240,3
2271,200,33,731402240,3
2273,200,24,731402240,3
2276,200,36,731402240,3
2285,200,25,731402240,3
2290,200,30,731275264,3
2295,200,78,731148288,3
2297,200,27,731275264,3
2309,200,68,731402240,3
2310,200,36,731402240,3
2311,200,57,731402240,3
2314,200,99,731275264,3
2323,200,49,731275264,3
2326,200,20,731283456,3
2329,200,45,731287552,3
2333,200,52,731414528,3
2347,200,41,731279360,3
2357,200,36,731279360,3
2362,200,50,731160576,3
2367,200,34,731160576,3
2368,200,24,731287552,3
2371,200,89,731160576,3
2373,200,67,731414528,3
2383,200,25,731160576,3
2385,200,22,731160576,3
2399,200,168,731279360,3
2404,200,30,731144192,3
2407,200,26,731152384,3
2408,200,59,731152384,3
2410,200,67,731152384,3
2412,200,25,731152384,3
2414,200,31,731144192,3
2416,200,46,731152384,3
2422,200,23,731279360,3
2424,200,108,731152384,3
2425,200,154,731152384,3
2433,200,64,731152384,3
2435,200,84,731025408,3
2439,200,40,731025408,3
2445,200,34,731144192,3
2446,200,85,731025408,3
2457,200,23,731152384,3
2463,200,34,731152384,3
2466,200,68,731025408,3
2468,200,28,731279360,3
2476,200,39,730898432,3
2478,200,47,730898432,3
2481,200,40,731152384,3
2487,200,23,731279360,3
2493,200,40,731029504,3
2496,200,26,731029504,3
2500,200,25,731029504,3
2501,200,55,731029504,3
2504,200,49,731156480,3
2508,200,42,731029504,3
2512,200,105,731029504,3
2513,200,132,731156480,3
2518,200,61,731156480,3
2519,200,21,731156480,3
2523,200,75,731156480,3
2534,200,88,731156480,3
2541,200,64,731156480,3
2543,200,20,731156480,3
2547,200,29,731156480,3
2551,200,27,731029504,3
2565,200,44,731029504,3
2569,200,23,731156480,3
2571,200,20,731029504,3
2579,200,31,731029504,3
2586,200,56,731029504,3
2587,200,73,731029504,3
2591,200,31,731156480,3
2594,200,33,731156480,3
2596,200,44,731156480,3
2604,200,27,730648576,3
2605,200,60,730648576,3
2609,200,38,730775552,3
2610,200,45,730775552,3
2634,200,86,730775552,3
2648,200,74,730775552,3
2660,200,41,730779648,3
2663,200,52,730779648,3
2664,200,39,730779648,3
2676,200,41,730779648,3
2683,200,46,730779648,3
2687,200,340,730652672,3
2688,200,259,730648576,3
2692,200,90,730906624,3
2693,200,27,730906624,3
2696,200,23,730660864,3
2699,200,52,730660864,3
2701,200,50,730660864,3
2705,200,55,730660864,3
2707,200,61,730533888,3
2710,200,22,730533888,3
2713,200,291,730533888,3
2716,200,96,730533888,3
2718,200,94,730533888,3
2724,200,39,730533888,3
2727,200,34,730533888,3
2728,200,71,730533888,3
2729,200,73,730533888,3
2731,200,45,730533888,3
2735,200,63,730533888,3
2740,200,31,730533888,3
2741,200,32,730533888,3
2743,200,137,730525696,3
2749,200,32,730660864,3
2751,200,46,730660864,3
2762,200,34,730660864,3
2765,200,37,730787840,3
2766,200,30,730660864,3
2776,200,48,730533888,3
2780,200,24,730660864,3
2788,200,23,730660864,3
2791,200,32,730660864,3
2794,200,41,730660864,3
2799,200,116,730533888,3
2800,200,96,730533888,3
2808,200,57,730533888,3
2809,200,26,730533888,3
2811,200,39,730406912,3
2814,200,36,730406912,3
2815,200,42,730279936,3
2817,200,32,730542080,3
2822,200,32,730664960,3
2825,200,82,730664960,3
2826,200,21,730537984,3
2827,200,137,730411008,3
2832,200,42,730537984,3
2838,200,23,730411008,3
2839,200,68,730411008,3
2841,200,203,730411008,3
2845,200,28,730406912,3
2847,200,36,730411008,3
2849,200,27,730537984,3
2853,200,90,730664960,3
2863,200,44,730419200,3
2865,200,58,730537984,3
2868,200,30,730546176,3
2870,200,37,730419200,3
2873,200,21,730546176,3
2879,200,35,730537984,3
2881,200,34,730664960,3
2883,200,34,730537984,3
2885,200,62,730664960,3
2894,200,51,730284032,3
2895,200,37,730157056,3
2902,200,85,730284032,3
2906,200,31,730284032,3
2911,200,68,730157056,3
2916,200,65,730030080,3
2917,200,36,730038272,3
2922,200,122,730165248,3
2928,200,22,730292224,3
2930,200,39,730419200,3
2932,200,32,730292224,3
2938,200,22,730292224,3
2941,200,94,730157056,3
2942,200,38,730157056,3
2943,200,79,730157056,3
2946,200,75,730030080,3
2949,200,37,730030080,3
2951,200,27,730030080,3
2954,200,45,730030080,3
2955,200,41,730030080,3
2957,200,55,730030080,3
2958,200,29,730030080,3
2970,200,99,729903104,3
2986,200,80,730152960,3
2987,200,116,730288128,3
2990,200,36,730161152,3
2992,200,75,730288128,3
1,200,132,732311552,2
2,200,148,732184576,2
4,200,46,732184576,2
10,200,51,732057600,2
12,200,99,732057600,2
14,200,62,731930624,2
21,200,27,731930624,2
23,200,116,731803648,2
27,200,49,731676672,2
32,200,93,731676672,2
35,200,73,731549696,2
36,200,42,731422720,2
38,200,22,731422720,2
49,200,30,731422720,2
51,200,566,732950528,2
54,200,718,732823552,2
56,200,55,733077504,2
72,200,24,733077504,2
78,200,38,733077504,2
83,200,24,733204480,2
106,200,31,732942336,2
107,200,36,732946432,2
116,200,28,732942336,2
120,200,19,733077504,2
128,200,95,733077504,2
129,200,63,732950528,2
144,200,32,732950528,2
151,200,31,732950528,2
153,200,63,732950528,2
155,200,24,732950528,2
159,200,41,732950528,2
182,200,19,732827648,2
186,200,32,732827648,2
187,200,130,732827648,2
192,200,28,732827648,2
196,200,45,732954624,2
201,200,35,732827648,2
204,200,24,732954624,2
205,200,155,732954624,2
207,200,137,732954624,2
212,200,21,732954624,2
215,200,47,732954624,2
216,200,47,732827648,2
219,200,43,732954624,2
243,200,35,732827648,2
244,200,24,732700672,2
246,200,26,732954624,2
249,200,27,732954624,2
254,200,31,732835840,2
256,200,39,732708864,2
262,200,27,732717056,2
279,200,33,732590080,2
284,200,26,732598272,2
285,200,25,732598272,2
288,200,25,732471296,2
296,200,40,732471296,2
297,200,52,732471296,2
313,200,43,732598272,2
323,200,37,732717056,2
324,200,24,732590080,2
327,200,132,732717056,2
328,200,66,732581888,2
329,200,118,732581888,2
331,200,34,732454912,2
346,200,48,731975680,2
351,200,44,731975680,2
352,200,45,732102656,2
355,200,60,731975680,2
360,200,30,731721728,2
363,200,29,731840512,2
365,200,43,731721728,2
368,200,399,731721728,2
372,200,23,731721728,2
376,200,32,731594752,2
382,200,24,731594752,2
390,200,26,731721728,2
393,200,20,731594752,2
399,200,31,731594752,2
401,200,42,731594752,2
405,200,31,731586560,2
409,200,66,731467776,2
410,200,23,731467776,2
414,200,71,731594752,2
421,200,18,731594752,2
446,200,20,731340800,2
450,200,60,731340800,2
460,200,28,731340800,2
464,200,88,731213824,2
466,200,59,731594752,2
470,200,36,731594752,2
474,200,311,731594752,2
480,200,23,731467776,2
484,200,29,731332608,2
486,200,112,731467776,2
487,200,24,731467776,2
491,200,26,731340800,2
495,200,22,731340800,2
503,200,21,731467776,2
510,200,19,731340800,2
512,200,35,731467776,2
516,200,50,731230208,2
520,200,34,731226112,2
526,200,39,731353088,2
533,200,152,731226112,2
534,200,37,731226112,2
537,200,22,731226112,2
543,200,34,731226112,2
550,200,33,731226112,2
552,200,69,731226112,2
553,200,25,731226112,2
567,200,25,731099136,2
574,200,25,731099136,2
575,200,29,731099136,2
583,200,26,731099136,2
591,200,43,731099136,2
593,200,35,731099136,2
594,200,39,731099136,2
598,200,33,731226112,2
601,200,26,731099136,2
611,200,62,730718208,2
615,200,205,730718208,2
617,200,62,730718208,2
618,200,115,730718208,2
624,200,97,730845184,2
627,200,664,730845184,2
628,200,158,730845184,2
629,200,321,730845184,2
631,200,48,730845184,2
632,200,28,730845184,2
647,200,67,731226112,2
652,200,48,731090944,2
654,200,21,731090944,2
665,200,281,730963968,2
666,200,78,730963968,2
673,200,21,730963968,2
686,200,37,730972160,2
692,200,38,730968064,2
693,200,74,730968064,2
698,200,130,730841088,2
700,200,62,731095040,2
707,200,33,730968064,2
708,200,22,730968064,2
709,200,38,730968064,2
711,200,57,730968064,2
715,200,27,730841088,2
716,200,46,730841088,2
718,200,25,730968064,2
719,200,55,730968064,2
722,200,40,730836992,2
726,200,48,730841088,2
729,200,41,730968064,2
730,200,588,730841088,2
731,200,41,730841088,2
736,200,63,730841088,2
738,200,38,730841088,2
740,200,25,730841088,2
741,200,56,730841088,2
745,200,48,730841088,2
746,200,49,730841088,2
749,200,40,730841088,2
754,200,32,730587136,2
758,200,25,730714112,2
762,200,42,730841088,2
771,200,23,730714112,2
775,200,37,730714112,2
778,200,38,730587136,2
785,200,77,730587136,2
793,200,27,730587136,2
794,200,27,730578944,2
797,200,24,730587136,2
798,200,31,730587136,2
801,200,30,730587136,2
812,200,99,730595328,2
816,200,36,730468352,2
819,200,24,730468352,2
821,200,22,730722304,2
823,200,33,730722304,2
827,200,41,730722304,2
829,200,33,730849280,2
831,200,71,730722304,2
833,200,142,730595328,2
834,200,30,730587136,2
835,200,50,730595328,2
842,200,38,730595328,2
843,200,25,730595328,2
847,200,39,730468352,2
848,200,43,730468352,2
850,200,20,730603520,2
865,200,39,730480640,2
872,200,33,730480640,2
879,200,112,730480640,2
884,200,77,730480640,2
886,200,27,730472448,2
887,200,55,730607616,2
888,200,37,730607616,2
897,200,64,730345472,2
901,200,75,730218496,2
905,200,27,730218496,2
914,200,25,730218496,2
916,200,49,730218496,2
929,200,23,730218496,2
930,200,130,730218496,2
936,200,92,730218496,2
937,200,42,730091520,2
943,200,38,729964544,2
944,200,56,729956352,2
945,200,92,729964544,2
948,200,67,730218496,2
954,200,34,730218496,2
956,200,37,730218496,2
970,200,49,730218496,2
972,200,33,730345472,2
976,200,70,730345472,2
977,200,24,730345472,2
981,200,28,730345472,2
989,200,31,730218496,2
996,200,24,730345472,2
1002,200,34,730472448,2
1013,200,33,730472448,2
1017,200,21,730472448,2
1030,200,63,730222592,2
1033,200,43,730222592,2
1040,200,63,730222592,2
1041,200,20,730222592,2
1043,200,106,730222592,2
1044,200,110,730218496,2
1050,200,53,730222592,2
1064,200,128,730222592,2
1068,200,22,730095616,2
1072,200,23,730095616,2
1077,200,123,729841664,2
1079,200,36,729841664,2
1082,200,61,729841664,2
1083,200,107,729841664,2
1084,200,32,730095616,2
1086,200,106,729960448,2
1093,200,29,729968640,2
1094,200,47,729968640,2
1100,200,66,729968640,2
1114,200,43,729968640,2
1115,200,32,729960448,2
1118,200,124,729968640,2
1119,200,31,729968640,2
1123,200,36,729841664,2
1124,200,45,729714688,2
1127,200,28,729968640,2
1130,200,33,729841664,2
1136,200,329,729841664,2
1142,200,32,729841664,2
1148,200,106,729841664,2
1159,200,42,729841664,2
1160,200,36,729841664,2
1176,200,34,732127232,2
1180,200,26,732008448,2
1186,200,33,732008448,2
1189,200,20,732016640,2
1191,200,32,731885568,2
1199,200,33,731885568,2
1219,200,30,732139520,2
1224,200,40,732139520,2
1227,200,47,732139520,2
1230,200,34,732266496,2
1232,200,62,732393472,2
1241,200,87,732266496,2
1242,200,22,732266496,2
1245,200,127,732266496,2
1249,200,47,732266496,2
1257,200,165,732139520,2
1259,200,43,732266496,2
1261,200,51,732266496,2
1262,200,386,732393472,2
1272,200,21,732139520,2
1279,200,31,732139520,2
1282,200,32,732266496,2
1290,200,42,732139520,2
1296,200,20,732131328,2
1301,200,51,732012544,2
1303,200,76,732012544,2
1304,200,24,732012544,2
1307,200,33,732012544,2
1322,200,27,732139520,2
1324,200,25,732012544,2
1327,200,96,732012544,2
1336,200,64,732139520,2
1340,200,35,732139520,2
1343,200,20,732139520,2
1346,200,21,732266496,2
1347,200,52,732266496,2
1354,200,114,732143616,2
1355,200,69,732016640,2
1356,200,67,732016640,2
1357,200,45,732008448,2
1360,200,58,732016640,2
1380,200,57,732143616,2
1391,200,77,732143616,2
1395,200,65,732024832,2
1396,200,31,732024832,2
1399,200,27,732024832,2
1400,200,41,731897856,2
1403,200,36,732024832,2
1404,200,31,731897856,2
1407,200,35,732024832,2
1426,200,23,732016640,2
1433,200,58,732016640,2
1439,200,67,731889664,2
1441,200,86,732008448,2
1443,200,103,731889664,2
1449,200,433,731889664,2
1452,200,25,731762688,2
1469,200,93,731762688,2
1473,200,29,731762688,2
1477,200,31,731762688,2
1481,200,42,731635712,2
1483,200,207,731635712,2
1487,200,23,731762688,2
1495,200,67,731635712,2
1499,200,40,731762688,2
1500,200,34,731762688,2
1501,200,52,731762688,2
1513,200,48,731635712,2
1518,200,138,731639808,2
1528,200,44,731766784,2
1532,200,21,731766784,2
1536,200,24,731893760,2
1538,200,47,731893760,2
1542,200,40,731893760,2
1563,200,72,731639808,2
1565,200,29,731639808,2
1567,200,48,731639808,2
1574,200,28,731512832,2
1577,200,163,731385856,2
1582,200,26,731639808,2
1586,200,20,731639808,2
1591,200,132,731766784,2
1593,200,28,731639808,2
1602,200,21,731385856,2
1604,200,30,731377664,2
1608,200,36,731377664,2
1610,200,381,731377664,2
1611,200,34,731377664,2
1615,200,93,731250688,2
1617,200,32,731250688,2
1619,200,23,731250688,2
1638,200,36,731504640,2
1643,200,105,731500544,2
1646,200,30,731504640,2
1651,200,84,732266496,2
1654,200,26,732266496,2
1658,200,66,732266496,2
1661,200,30,732520448,2
1678,200,28,732401664,2
1682,200,38,732397568,2
1685,200,31,732389376,2
1688,200,55,732270592,2
1689,200,51,732270592,2
1692,200,26,732270592,2
1699,200,42,732270592,2
1711,200,37,732270592,2
1714,200,33,732270592,2
1716,200,39,732270592,2
1720,200,41,732270592,2
1730,200,42,732270592,2
1734,200,23,732270592,2
1739,200,113,732139520,2
1741,200,55,732143616,2
1752,200,22,732270592,2
1759,200,26,732397568,2
1767,200,21,732270592,2
1770,200,19,732270592,2
1772,200,86,732397568,2
1775,200,31,732397568,2
1782,200,18,732270592,2
1784,200,23,732270592,2
1786,200,27,732270592,2
1795,200,39,732270592,2
1798,200,130,732270592,2
1799,200,34,732270592,2
1811,200,32,731889664,2
1815,200,22,731889664,2
1821,200,160,732143616,2
1822,200,90,732143616,2
1826,200,41,732143616,2
1828,200,104,732143616,2
1829,200,129,732135424,2
1838,200,329,731881472,2
1839,200,1523,732016640,2
1842,200,132,731897856,2
1847,200,74,731893760,2
1849,200,38,731893760,2
1850,200,202,731893760,2
1853,200,84,732012544,2
1860,200,1159,731893760,2
1861,200,113,731766784,2
1864,200,99,731766784,2
1867,200,30,732020736,2
1869,200,2306,732020736,2
1881,200,160,731893760,2
1888,200,104,731766784,2
1898,200,124,731766784,2
1900,200,40,731774976,2
1903,200,99,731774976,2
1910,200,57,731766784,2
1915,200,170,731766784,2
1923,200,143,731758592,2
1924,200,106,731766784,2
1927,200,417,731885568,2
1930,200,104,731766784,2
1936,200,731,731766784,2
1937,200,445,731893760,2
1941,200,195,731766784,2
1948,200,160,731766784,2
1951,200,56,731766784,2
1953,200,39,731766784,2
1955,200,123,731766784,2
1957,200,64,731766784,2
1963,200,60,731766784,2
1966,200,418,731766784,2
1970,200,36,731766784,2
1974,200,146,731766784,2
1976,200,3056,731766784,2
1983,200,51,731521024,2
1984,200,323,731512832,2
1985,200,27,731512832,2
1988,200,35,731521024,2
1991,200,88,731394048,2
1994,200,34,731385856,2
2013,200,78,731389952,2
2014,200,113,731398144,2
2015,200,103,731398144,2
2017,200,73,731398144,2
2032,200,29,731271168,2
2033,200,26,731271168,2
2043,200,111,731525120,2
2050,200,109,731516928,2
2051,200,124,731525120,2
2052,200,60,731525120,2
2054,200,42,731525120,2
2068,200,235,731398144,2
2079,200,25,731144192,2
2082,200,34,731144192,2
2084,200,32,731271168,2
2100,200,26,731779072,2
2112,200,42,731271168,2
2113,200,23,731271168,2
2114,200,27,731271168,2
2116,200,69,731271168,2
2117,200,46,731398144,2
2121,200,23,731398144,2
2133,200,27,731652096,2
2136,200,22,731652096,2
2147,200,27,731398144,2
2153,200,31,731398144,2
2155,200,28,731398144,2
2162,200,106,731398144,2
2167,200,449,731402240,2
2169,200,73,731402240,2
2176,200,31,731275264,2
2178,200,95,731275264,2
2180,200,112,731402240,2
2186,200,32,731402240,2
2209,200,35,731402240,2
2213,200,40,731402240,2
2216,200,41,731402240,2
2218,200,22,731402240,2
2220,200,24,731402240,2
2234,200,30,731275264,2
2256,200,90,731402240,2
2262,200,54,731529216,2
2279,200,53,731275264,2
2287,200,39,731275264,2
2305,200,36,731402240,2
2306,200,94,731402240,2
2317,200,38,731275264,2
2322,200,83,731283456,2
2325,200,34,731283456,2
2327,200,53,731283456,2
2330,200,28,731287552,2
2332,200,26,731287552,2
2339,200,45,731287552,2
2342,200,75,731279360,2
2348,200,33,731152384,2
2350,200,35,731152384,2
2355,200,30,731152384,2
2359,200,54,731160576,2
2366,200,30,731160576,2
2370,200,70,731287552,2
2377,200,22,731287552,2
2378,200,41,731287552,2
2381,200,43,731287552,2
2393,200,33,731414528,2
2396,200,27,731287552,2
2401,200,21,731279360,2
2405,200,30,731152384,2
2411,200,30,731152384,2
2423,200,108,731152384,2
2427,200,120,731152384,2
2430,200,27,731152384,2
2431,200,28,731152384,2
2443,200,25,731152384,2
2454,200,22,731017216,2
2458,200,38,731025408,2
2461,200,35,731279360,2
2469,200,41,731279360,2
2472,200,23,731025408,2
2473,200,29,731025408,2
2483,200,25,731279360,2
2484,200,20,731152384,2
2488,200,28,731152384,2
2491,200,67,731160576,2
2492,200,28,731033600,2
2511,200,313,731156480,2
2514,200,114,731156480,2
2516,200,124,731156480,2
2531,200,38,731029504,2
2536,200,33,731029504,2
2542,200,35,731156480,2
2546,200,52,731156480,2
2555,200,29,731029504,2
2567,200,24,731029504,2
2570,200,132,731156480,2
2582,200,38,731029504,2
2599,200,51,730902528,2
2603,200,31,730902528,2
2619,200,39,730775552,2
2628,200,22,730775552,2
2631,200,502,730902528,2
2641,200,43,730894336,2
2646,200,48,730521600,2
2647,200,3081,730775552,2
2649,200,98,730902528,2
2652,200,35,730775552,2
2662,200,26,730779648,2
2667,200,29,730779648,2
2670,200,145,730779648,2
2671,200,47,730779648,2
2680,200,49,730779648,2
2685,200,45,730652672,2
2691,200,128,730652672,2
2697,200,124,730787840,2
2704,200,28,730652672,2
2706,200,120,730660864,2
2709,200,36,730533888,2
2711,200,130,730533888,2
2738,200,39,730533888,2
2739,200,25,730533888,2
2747,200,371,730533888,2
2750,200,43,730660864,2
2755,200,42,730660864,2
2757,200,53,730660864,2
2761,200,40,730660864,2
2767,200,94,730533888,2
2769,200,50,730533888,2
2773,200,60,730525696,2
2775,200,89,730533888,2
2778,200,30,730533888,2
2782,200,105,730660864,2
2785,200,27,730660864,2
2795,200,31,730660864,2
2797,200,63,730533888,2
2807,200,39,730533888,2
2810,200,27,730406912,2
2821,200,27,730664960,2
2823,200,41,730537984,2
2828,200,280,730537984,2
2829,200,106,730537984,2
2831,200,36,730411008,2
2834,200,26,730284032,2
2842,200,74,730411008,2
2843,200,31,730411008,2
2846,200,39,730411008,2
2850,200,58,730537984,2
2854,200,29,730537984,2
2859,200,58,730537984,2
2862,200,55,730419200,2
2866,200,24,730419200,2
2875,200,89,730419200,2
2889,200,47,730411008,2
2893,200,62,730284032,2
2897,200,120,730284032,2
2901,200,29,730284032,2
2904,200,46,730411008,2
2909,200,38,730157056,2
2913,200,56,730157056,2
2914,200,58,730030080,2
2925,200,65,730165248,2
2934,200,29,730419200,2
2950,200,74,730030080,2
2960,200,22,730030080,2
2968,200,36,729903104,2
2969,200,218,729903104,2
2974,200,41,730030080,2
2977,200,25,730157056,2
2981,200,36,730284032,2
2982,200,111,730161152,2
2984,200,74,730161152,2
2988,200,27,730288128,2
2989,200,43,730161152,2
2993,200,30,730288128,2
2996,200,29,730288128,2
2998,200,38,730161152,2
34,200,19,731549696,1
41,200,189,731422720,1
61,200,30,733331456,1
68,200,59,733204480,1
71,200,33,733077504,1
73,200,36,733077504,1
87,200,33,733077504,1
91,200,22,733331456,1
99,200,29,733077504,1
105,200,33,732950528,1
118,200,35,733077504,1
121,200,45,733077504,1
124,200,45,732950528,1
125,200,84,732950528,1
139,200,27,732950528,1
143,200,25,732950528,1
166,200,40,732823552,1
167,200,25,732696576,1
185,200,41,732827648,1
203,200,21,732954624,1
242,200,76,732827648,1
247,200,25,732954624,1
255,200,31,732708864,1
267,200,34,732717056,1
274,200,23,732717056,1
275,200,69,732844032,1
295,200,31,732471296,1
310,200,43,732598272,1
325,200,24,732717056,1
337,200,29,731971584,1
347,200,25,731975680,1
357,200,57,731848704,1
370,200,25,731721728,1
374,200,23,731594752,1
395,200,32,731594752,1
412,200,34,731594752,1
425,200,37,731459584,1
428,200,58,731594752,1
440,200,71,731594752,1
448,200,43,731340800,1
458,200,27,731340800,1
478,200,29,731594752,1
482,200,36,731467776,1
494,200,177,731340800,1
496,200,3069,731340800,1
504,200,38,731467776,1
506,200,31,731340800,1
514,200,45,731222016,1
515,200,22,731230208,1
523,200,34,731226112,1
535,200,111,731226112,1
561,200,19,731099136,1
579,200,74,731099136,1
602,200,34,731090944,1
606,200,27,730972160,1
640,200,27,730972160,1
648,200,48,730963968,1
651,200,40,731082752,1
664,200,204,730963968,1
674,200,173,730963968,1
681,200,25,730963968,1
682,200,42,730955776,1
684,200,66,730963968,1
701,200,29,730968064,1
720,200,28,730841088,1
723,200,26,730836992,1
727,200,123,730841088,1
763,200,23,730841088,1
767,200,45,730714112,1
777,200,27,730714112,1
781,200,37,730587136,1
790,200,381,730587136,1
805,200,46,730578944,1
830,200,24,730849280,1
838,200,65,730595328,1
853,200,19,730730496,1
866,200,19,730480640,1
869,200,22,730480640,1
875,200,49,730480640,1
880,200,105,730480640,1
909,200,27,730218496,1
913,200,32,730218496,1
924,200,32,730345472,1
932,200,3041,730345472,1
962,200,42,730218496,1
999,200,31,730599424,1
1015,200,31,730464256,1
1048,200,33,730222592,1
1056,200,36,730476544,1
1057,200,22,730349568,1
1060,200,17,730222592,1
1088,200,33,730095616,1
1090,200,74,729968640,1
1121,200,33,729841664,1
1138,200,23,729841664,1
1147,200,30,729841664,1
1156,200,22,729841664,1
1162,200,303,729714688,1
1172,200,31,729714688,1
1190,200,28,731885568,1
1221,200,27,732139520,1
1226,200,34,732139520,1
1252,200,20,732266496,1
1264,200,99,732266496,1
1286,200,32,732258304,1
1311,200,92,732139520,1
1319,200,316,732012544,1
1323,200,43,732012544,1
1342,200,30,732139520,1
1358,200,60,732008448,1
1362,200,23,732016640,1
1371,200,32,732143616,1
1381,200,159,732143616,1
1385,200,26,732143616,1
1386,200,31,732143616,1
1392,200,39,732016640,1
1431,200,54,731889664,1
1435,200,37,731889664,1
1455,200,28,732016640,1
1458,200,55,732016640,1
1459,200,219,732016640,1
1467,200,42,731762688,1
1496,200,74,731635712,1
1497,200,66,731635712,1
1506,200,51,731762688,1
1517,200,52,731639808,1
1521,200,31,731639808,1
1522,200,40,731639808,1
1539,200,46,731893760,1
1551,200,26,731639808,1
1554,200,43,731639808,1
1555,200,27,731639808,1
1558,200,28,731639808,1
1559,200,36,731639808,1
1575,200,59,731385856,1
1585,200,37,731639808,1
1589,200,44,731512832,1
1603,200,141,731377664,1
1605,200,37,731377664,1
1618,200,32,731250688,1
1635,200,23,731504640,1
1642,200,45,731496448,1
1655,200,22,732266496,1
1666,200,46,732393472,1
1670,200,41,732520448,1
1695,200,35,732266496,1
1713,200,34,732270592,1
1749,200,32,732270592,1
1754,200,35,732270592,1
1757,200,45,732270592,1
1788,200,38,732270592,1
1802,200,43,732270592,1
1807,200,37,732270592,1
1810,200,37,732016640,1
1825,200,93,732143616,1
1836,200,183,732016640,1
1837,200,139,732016640,1
1841,200,187,732024832,1
1866,200,245,732020736,1
1877,200,146,731893760,1
1883,200,9416,731766784,1
1885,200,1044,731766784,1
1886,200,9309,731766784,1
1893,200,1268,731762688,1
1897,200,459,731766784,1
1901,200,7136,731774976,1
1904,200,3987,731774976,1
1912,200,439,731766784,1
1913,200,447,731766784,1
1914,200,385,731766784,1
1916,200,190,731766784,1
1925,200,9383,731893760,1
1934,200,5113,731766784,1
1935,200,1004,731766784,1
1940,200,6211,731766784,1
1945,200,32,731639808,1
1950,200,51,731766784,1
1977,200,1151,731766784,1
1979,200,4478,731639808,1
1980,200,2599,731639808,1
1981,200,83,731648000,1
1990,200,31,731521024,1
1999,200,104,731394048,1
2002,200,31,731402240,1
2003,200,33,731389952,1
2011,200,24,731398144,1
2020,200,3873,731398144,1
2028,200,31,731271168,1
2029,200,227,731271168,1
2035,200,40,731525120,1
2044,200,234,731398144,1
2048,200,45,731652096,1
2055,200,48,731525120,1
2067,200,213,731398144,1
2077,200,268,731144192,1
2086,200,50,731271168,1
2089,200,49,731262976,1
2090,200,34,731271168,1
2098,200,67,731779072,1
2102,200,63,731779072,1
2106,200,47,731652096,1
2120,200,34,731394048,1
2123,200,48,731525120,1
2132,200,75,731779072,1
2135,200,45,731652096,1
2144,200,41,731398144,1
2150,200,29,731398144,1
2183,200,55,731402240,1
2187,200,530,731398144,1
2191,200,23,731402240,1
2200,200,38,731402240,1
2224,200,50,731275264,1
2227,200,28,731275264,1
2231,200,32,731275264,1
2236,200,26,731275264,1
2240,200,26,731275264,1
2250,200,337,731402240,1
2254,200,57,731529216,1
2258,200,186,731529216,1
2289,200,28,731275264,1
2293,200,25,731275264,1
2294,200,42,731275264,1
2302,200,67,731275264,1
2307,200,36,731275264,1
2313,200,43,731275264,1
2321,200,37,731275264,1
2334,200,61,731414528,1
2341,200,28,731287552,1
2345,200,48,731279360,1
2346,200,34,731279360,1
2349,200,26,731025408,1
2353,200,29,731271168,1
2358,200,33,731160576,1
2361,200,27,731287552,1
2382,200,41,731160576,1
2386,200,27,731033600,1
2397,200,56,731287552,1
2398,200,32,731279360,1
2400,200,55,731279360,1
2419,200,22,731152384,1
2438,200,39,731025408,1
2450,200,34,731152384,1
2451,200,49,731025408,1
2453,200,22,731152384,1
2459,200,28,731025408,1
2477,200,33,730898432,1
2495,200,42,731156480,1
2524,200,37,731029504,1
2559,200,68,731156480,1
2560,200,28,731156480,1
2572,200,41,731029504,1
2575,200,38,731029504,1
2583,200,45,731029504,1
2601,200,4590,730898432,1
2602,200,34,730902528,1
2613,200,23,730775552,1
2626,200,27,730902528,1
2638,200,68,730902528,1
2653,200,73,730775552,1
2659,200,43,730771456,1
2668,200,62,730779648,1
2682,200,44,730779648,1
2686,200,44,730652672,1
2690,200,415,730779648,1
2717,200,29,730533888,1
2720,200,23,730533888,1
2721,200,49,730533888,1
2725,200,54,730533888,1
2742,200,30,730533888,1
2781,200,52,730660864,1
2798,200,127,730533888,1
2858,200,193,730537984,1
2869,200,39,730546176,1
2871,200,46,730419200,1
2877,200,27,730537984,1
2886,200,186,730411008,1
2898,200,39,730284032,1
2920,200,64,730038272,1
2939,200,27,730284032,1
2972,200,28,730030080,1
891,200,545,730599424,0
1735,200,965,732143616,0
1870,200,3045,732020736,0